product_id,product,description,brand,sku,category,subcategory,price,discount_percentage,discounted_price,rating,stock,warranty_information,shipping_information,availability_status,return_policy,min_order_quantity,thumbnail
1,Essence Mascara Lash Princess,The Essence Mascara Lash Princess is a popular mascara known for its volumizing and lengthening effects. Achieve dramatic lashes with this long-lasting and cruelty-free formula.,Essence,BEA-ESS-ESS-001,Beauty,Mascara,9.99,10.48,8.94,2.56,99,1 week,3-5 business days,In Stock,No return,48,https://cdn.dummyjson.com/product-images/beauty/essence-mascara-lash-princess/thumbnail.webp
2,Eyeshadow Palette with Mirror,"The Eyeshadow Palette with Mirror offers a versatile range of eyeshadow shades for creating stunning eye looks. With a built-in mirror, it's convenient for on-the-go makeup application.",Glamour Beauty,BEA-GLA-EYE-002,Beauty,Eyeshadow,19.99,18.19,16.35,2.86,34,1 year,2 weeks,In Stock,7 days,20,https://cdn.dummyjson.com/product-images/beauty/eyeshadow-palette-with-mirror/thumbnail.webp
3,Powder Canister,"The Powder Canister is a finely milled setting powder designed to set makeup and control shine. With a lightweight and translucent formula, it provides a smooth and matte finish.",Velvet Touch,BEA-VEL-POW-003,Beauty,Face Powder,14.99,9.84,13.51,4.64,89,3 months,1-2 business days,In Stock,No return,22,https://cdn.dummyjson.com/product-images/beauty/powder-canister/thumbnail.webp
4,Red Lipstick,"The Red Lipstick is a classic and bold choice for adding a pop of color to your lips. With a creamy and pigmented formula, it provides a vibrant and long-lasting finish.",Chic Cosmetics,BEA-CHI-LIP-004,Beauty,Lipstick,12.99,12.16,11.41,4.36,91,3 year,1 week,In Stock,7 days,40,https://cdn.dummyjson.com/product-images/beauty/red-lipstick/thumbnail.webp
5,Red Nail Polish,"The Red Nail Polish offers a rich and glossy red hue for vibrant and polished nails. With a quick-drying formula, it provides a salon-quality finish at home.",Nail Couture,BEA-NAI-NAI-005,Beauty,Nail Polish,8.99,11.44,7.96,4.32,79,1 month,overnight,In Stock,No return,22,https://cdn.dummyjson.com/product-images/beauty/red-nail-polish/thumbnail.webp
6,Calvin Klein CK One,"CK One by Calvin Klein is a classic unisex fragrance, known for its fresh and clean scent. It's a versatile fragrance suitable for everyday wear.",Calvin Klein,FRA-CAL-CAL-006,Fragrances,Perfumes,49.99,1.89,49.05,4.37,29,1 week,overnight,In Stock,90 days,9,https://cdn.dummyjson.com/product-images/fragrances/calvin-klein-ck-one/thumbnail.webp
7,Chanel Coco Noir Eau De,"Coco Noir by Chanel is an elegant and mysterious fragrance, featuring notes of grapefruit, rose, and sandalwood. Perfect for evening occasions.",Chanel,FRA-CHA-CHA-007,Fragrances,Perfumes,129.99,16.51,108.53,4.26,58,3 year,overnight,In Stock,No return,1,https://cdn.dummyjson.com/product-images/fragrances/chanel-coco-noir-eau-de/thumbnail.webp
8,Dior J'adore,"J'adore by Dior is a luxurious and floral fragrance, known for its blend of ylang-ylang, rose, and jasmine. It embodies femininity and sophistication.",Dior,FRA-DIO-DIO-008,Fragrances,Perfumes,89.99,14.72,76.74,3.8,98,1 week,2 weeks,In Stock,7 days,10,https://cdn.dummyjson.com/product-images/fragrances/dior-j'adore/thumbnail.webp
9,Dolce Shine Eau de,"Dolce Shine by Dolce & Gabbana is a vibrant and fruity fragrance, featuring notes of mango, jasmine, and blonde woods. It's a joyful and youthful scent.",Dolce & Gabbana,FRA-DOL-DOL-009,Fragrances,Perfumes,69.99,0.62,69.56,3.96,4,3 year,1 month,Low Stock,7 days,2,https://cdn.dummyjson.com/product-images/fragrances/dolce-shine-eau-de/thumbnail.webp
10,Gucci Bloom Eau de,"Gucci Bloom by Gucci is a floral and captivating fragrance, with notes of tuberose, jasmine, and Rangoon creeper. It's a modern and romantic scent.",Gucci,FRA-GUC-GUC-010,Fragrances,Perfumes,79.99,14.39,68.48,2.74,91,6 months,overnight,In Stock,No return,2,https://cdn.dummyjson.com/product-images/fragrances/gucci-bloom-eau-de/thumbnail.webp
11,Annibale Colombo Bed,"The Annibale Colombo Bed is a luxurious and elegant bed frame, crafted with high-quality materials for a comfortable and stylish bedroom.",Annibale Colombo,FUR-ANN-ANN-011,Furniture,Beds,1899.99,8.57,1737.16,4.77,88,1 year,1 month,In Stock,No return,1,https://cdn.dummyjson.com/product-images/furniture/annibale-colombo-bed/thumbnail.webp
12,Annibale Colombo Sofa,"The Annibale Colombo Sofa is a sophisticated and comfortable seating option, featuring exquisite design and premium upholstery for your living room.",Annibale Colombo,FUR-ANN-ANN-012,Furniture,Sofas,2499.99,14.4,2139.99,3.92,60,Lifetime,1 week,In Stock,7 days,1,https://cdn.dummyjson.com/product-images/furniture/annibale-colombo-sofa/thumbnail.webp
13,Bedside Table African Cherry,"The Bedside Table in African Cherry is a stylish and functional addition to your bedroom, providing convenient storage space and a touch of elegance.",Furniture Co.,FUR-FUR-BED-013,Furniture,Bedside Tables,299.99,19.09,242.72,2.87,64,5 year,overnight,In Stock,7 days,3,https://cdn.dummyjson.com/product-images/furniture/bedside-table-african-cherry/thumbnail.webp
14,Knoll Saarinen Executive Conference Chair,"The Knoll Saarinen Executive Conference Chair is a modern and ergonomic chair, perfect for your office or conference room with its timeless design.",Knoll,FUR-KNO-KNO-014,Furniture,Office Chairs,499.99,2.01,489.94,4.88,26,2 year,overnight,In Stock,60 days,5,https://cdn.dummyjson.com/product-images/furniture/knoll-saarinen-executive-conference-chair/thumbnail.webp
15,Wooden Bathroom Sink With Mirror,"The Wooden Bathroom Sink with Mirror is a unique and stylish addition to your bathroom, featuring a wooden sink countertop and a matching mirror.",Bath Trends,FUR-BAT-WOO-015,Furniture,Bathroom,799.99,8.8,729.59,3.59,7,3 year,3-5 business days,Low Stock,60 days,2,https://cdn.dummyjson.com/product-images/furniture/wooden-bathroom-sink-with-mirror/thumbnail.webp
16,Apple,"Fresh and crisp apples, perfect for snacking or incorporating into various recipes.",NULL,GRO-BRD-APP-016,Groceries,Fruits,1.99,12.62,1.74,4.19,8,3 year,2 weeks,In Stock,90 days,7,https://cdn.dummyjson.com/product-images/groceries/apple/thumbnail.webp
17,Beef Steak,"High-quality beef steak, great for grilling or cooking to your preferred level of doneness.",NULL,GRO-BRD-BEE-017,Groceries,Meat,12.99,9.61,11.74,4.47,86,3 year,overnight,In Stock,60 days,43,https://cdn.dummyjson.com/product-images/groceries/beef-steak/thumbnail.webp
18,Cat Food,Nutritious cat food formulated to meet the dietary needs of your feline friend.,NULL,GRO-BRD-FOO-018,Groceries,Cat Food,8.99,9.58,8.13,3.13,46,1 year,overnight,In Stock,No return,18,https://cdn.dummyjson.com/product-images/groceries/cat-food/thumbnail.webp
19,Chicken Meat,"Fresh and tender chicken meat, suitable for various culinary preparations.",NULL,GRO-BRD-CHI-019,Groceries,Meat,9.99,13.7,8.62,3.19,97,1 year,1 month,In Stock,7 days,22,https://cdn.dummyjson.com/product-images/groceries/chicken-meat/thumbnail.webp
20,Cooking Oil,"Versatile cooking oil suitable for frying, sautéing, and various culinary applications.",NULL,GRO-BRD-COO-020,Groceries,Cooking Essentials,4.99,9.33,4.52,4.8,10,Lifetime,1-2 business days,In Stock,30 days,46,https://cdn.dummyjson.com/product-images/groceries/cooking-oil/thumbnail.webp
21,Cucumber,"Crisp and hydrating cucumbers, ideal for salads, snacks, or as a refreshing side.",NULL,GRO-BRD-CUC-021,Groceries,Vegetables,1.49,0.16,1.49,4.07,84,2 year,1-2 business days,In Stock,7 days,2,https://cdn.dummyjson.com/product-images/groceries/cucumber/thumbnail.webp
22,Dog Food,Specially formulated dog food designed to provide essential nutrients for your canine companion.,NULL,GRO-BRD-FOO-022,Groceries,Dog Food,10.99,10.27,9.86,4.55,71,No,1-2 business days,In Stock,60 days,43,https://cdn.dummyjson.com/product-images/groceries/dog-food/thumbnail.webp
23,Eggs,"Fresh eggs, a versatile ingredient for baking, cooking, or breakfast.",NULL,GRO-BRD-EGG-023,Groceries,Dairy,2.99,11.05,2.66,2.53,9,1 week,1 week,In Stock,No return,32,https://cdn.dummyjson.com/product-images/groceries/eggs/thumbnail.webp
24,Fish Steak,"Quality fish steak, suitable for grilling, baking, or pan-searing.",NULL,GRO-BRD-FIS-024,Groceries,Seafood,14.99,4.23,14.36,3.78,74,1 month,3-5 business days,In Stock,60 days,50,https://cdn.dummyjson.com/product-images/groceries/fish-steak/thumbnail.webp
25,Green Bell Pepper,"Fresh and vibrant green bell pepper, perfect for adding color and flavor to your dishes.",NULL,GRO-BRD-GRE-025,Groceries,Vegetables,1.29,0.16,1.29,3.25,33,1 month,1 week,In Stock,30 days,12,https://cdn.dummyjson.com/product-images/groceries/green-bell-pepper/thumbnail.webp
26,Green Chili Pepper,"Spicy green chili pepper, ideal for adding heat to your favorite recipes.",NULL,GRO-BRD-GRE-026,Groceries,Vegetables,0.99,1,0.98,3.66,3,2 year,1 week,Low Stock,30 days,39,https://cdn.dummyjson.com/product-images/groceries/green-chili-pepper/thumbnail.webp
27,Honey Jar,"Pure and natural honey in a convenient jar, perfect for sweetening beverages or drizzling over food.",NULL,GRO-BRD-HON-027,Groceries,Condiments,6.99,14.4,5.98,3.97,34,1 month,1-2 business days,In Stock,90 days,47,https://cdn.dummyjson.com/product-images/groceries/honey-jar/thumbnail.webp
28,Ice Cream,"Creamy and delicious ice cream, available in various flavors for a delightful treat.",NULL,GRO-BRD-CRE-028,Groceries,Desserts,5.49,8.69,5.01,3.39,27,1 month,2 weeks,In Stock,No return,42,https://cdn.dummyjson.com/product-images/groceries/ice-cream/thumbnail.webp
29,Juice,"Refreshing fruit juice, packed with vitamins and great for staying hydrated.",NULL,GRO-BRD-JUI-029,Groceries,Beverages,3.99,12.06,3.51,3.94,50,6 months,1 week,In Stock,No return,25,https://cdn.dummyjson.com/product-images/groceries/juice/thumbnail.webp
30,Kiwi,"Nutrient-rich kiwi, perfect for snacking or adding a tropical twist to your dishes.",NULL,GRO-BRD-KIW-030,Groceries,Fruits,2.49,15.22,2.11,4.93,99,6 months,overnight,In Stock,7 days,30,https://cdn.dummyjson.com/product-images/groceries/kiwi/thumbnail.webp
31,Lemon,"Zesty and tangy lemons, versatile for cooking, baking, or making refreshing beverages.",NULL,GRO-BRD-LEM-031,Groceries,Fruits,0.79,9.7,0.71,3.53,31,No,1 month,In Stock,7 days,29,https://cdn.dummyjson.com/product-images/groceries/lemon/thumbnail.webp
32,Milk,"Fresh and nutritious milk, a staple for various recipes and daily consumption.",NULL,GRO-BRD-MIL-032,Groceries,Dairy,3.49,13.74,3.01,2.61,27,3 year,2 weeks,In Stock,7 days,5,https://cdn.dummyjson.com/product-images/groceries/milk/thumbnail.webp
33,Mulberry,"Sweet and juicy mulberries, perfect for snacking or adding to desserts and cereals.",NULL,GRO-BRD-MUL-033,Groceries,Fruits,4.99,12.87,4.35,4.95,99,2 year,1 week,In Stock,No return,43,https://cdn.dummyjson.com/product-images/groceries/mulberry/thumbnail.webp
34,Nescafe Coffee,"Quality coffee from Nescafe, available in various blends for a rich and satisfying cup.",Nescafe,GRO-BRD-NES-034,Groceries,Coffee,7.99,1.59,7.86,4.82,57,1 year,1-2 business days,In Stock,30 days,8,https://cdn.dummyjson.com/product-images/groceries/nescafe-coffee/thumbnail.webp
35,Potatoes,"Versatile and starchy potatoes, great for roasting, mashing, or as a side dish.",NULL,GRO-BRD-POT-035,Groceries,Vegetables,2.29,5.38,2.17,4.81,13,3 year,3-5 business days,In Stock,90 days,9,https://cdn.dummyjson.com/product-images/groceries/potatoes/thumbnail.webp
36,Protein Powder,"Nutrient-packed protein powder, ideal for supplementing your diet with essential proteins.",NULL,GRO-BRD-PRO-036,Groceries,Health Supplements,19.99,7.59,18.47,4.18,80,1 week,1 month,In Stock,No return,6,https://cdn.dummyjson.com/product-images/groceries/protein-powder/thumbnail.webp
37,Red Onions,"Flavorful and aromatic red onions, perfect for adding depth to your savory dishes.",NULL,GRO-BRD-ONI-037,Groceries,Vegetables,1.99,9.9,1.79,4.2,82,1 month,3-5 business days,In Stock,7 days,8,https://cdn.dummyjson.com/product-images/groceries/red-onions/thumbnail.webp
38,Rice,"High-quality rice, a staple for various cuisines and a versatile base for many dishes.",NULL,GRO-BRD-RIC-038,Groceries,Grains,5.99,9.29,5.43,3.18,59,6 months,overnight,In Stock,No return,20,https://cdn.dummyjson.com/product-images/groceries/rice/thumbnail.webp
39,Soft Drinks,"Assorted soft drinks in various flavors, perfect for refreshing beverages.",NULL,GRO-BRD-SOF-039,Groceries,Beverages,1.99,17.48,1.64,4.75,53,6 months,2 weeks,In Stock,7 days,10,https://cdn.dummyjson.com/product-images/groceries/soft-drinks/thumbnail.webp
40,Strawberry,"Sweet and succulent strawberries, great for snacking, desserts, or blending into smoothies.",NULL,GRO-BRD-STR-040,Groceries,Fruits,3.99,1.12,3.95,3.08,46,1 week,1-2 business days,In Stock,No return,12,https://cdn.dummyjson.com/product-images/groceries/strawberry/thumbnail.webp
41,Tissue Paper Box,"Convenient tissue paper box for everyday use, providing soft and absorbent tissues.",NULL,GRO-BRD-TIS-041,Groceries,Household Essentials,2.49,13.28,2.16,2.69,86,No,1-2 business days,In Stock,90 days,44,https://cdn.dummyjson.com/product-images/groceries/tissue-paper-box/thumbnail.webp
42,Water,"Pure and refreshing bottled water, essential for staying hydrated throughout the day.",NULL,GRO-BRD-WAT-042,Groceries,Beverages,0.99,14.92,0.84,4.96,53,3 months,1 month,In Stock,7 days,28,https://cdn.dummyjson.com/product-images/groceries/water/thumbnail.webp
43,Decoration Swing,"The Decoration Swing is a charming addition to your home decor. Crafted with intricate details, it adds a touch of elegance and whimsy to any room.",NULL,HOM-BRD-DEC-043,Home-Decoration,Swing,59.99,10.41,53.75,3.16,47,1 week,1 month,In Stock,90 days,8,https://cdn.dummyjson.com/product-images/home-decoration/decoration-swing/thumbnail.webp
44,Family Tree Photo Frame,"The Family Tree Photo Frame is a sentimental and stylish way to display your cherished family memories. With multiple photo slots, it tells the story of your loved ones.",NULL,HOM-BRD-FAM-044,Home-Decoration,Photo Frame,29.99,14.87,25.53,4.53,77,1 month,2 weeks,In Stock,No return,15,https://cdn.dummyjson.com/product-images/home-decoration/family-tree-photo-frame/thumbnail.webp
45,House Showpiece Plant,The House Showpiece Plant is an artificial plant that brings a touch of nature to your home without the need for maintenance. It adds greenery and style to any space.,NULL,HOM-BRD-HOU-045,Home-Decoration,Artificial Plants,39.99,7.46,37.01,4.67,28,1 year,1 week,In Stock,No return,3,https://cdn.dummyjson.com/product-images/home-decoration/house-showpiece-plant/thumbnail.webp
46,Plant Pot,"The Plant Pot is a stylish container for your favorite plants. With a sleek design, it complements your indoor or outdoor garden, adding a modern touch to your plant display.",NULL,HOM-BRD-PLA-046,Home-Decoration,Plant Accessories,14.99,6.84,13.96,3.01,59,Lifetime,3-5 business days,In Stock,30 days,31,https://cdn.dummyjson.com/product-images/home-decoration/plant-pot/thumbnail.webp
47,Table Lamp,"The Table Lamp is a functional and decorative lighting solution for your living space. With a modern design, it provides both ambient and task lighting, enhancing the atmosphere.",NULL,HOM-BRD-TAB-047,Home-Decoration,Lighting,49.99,7.09,46.45,3.55,9,3 months,1-2 business days,In Stock,90 days,2,https://cdn.dummyjson.com/product-images/home-decoration/table-lamp/thumbnail.webp
48,Bamboo Spatula,"The Bamboo Spatula is a versatile kitchen tool made from eco-friendly bamboo. Ideal for flipping, stirring, and serving various dishes.",NULL,KIT-BRD-BAM-048,Kitchen-Accessories,Utensils,7.99,2.84,7.76,3.27,37,1 month,overnight,In Stock,60 days,29,https://cdn.dummyjson.com/product-images/kitchen-accessories/bamboo-spatula/thumbnail.webp
49,Black Aluminium Cup,The Black Aluminium Cup is a stylish and durable cup suitable for both hot and cold beverages. Its sleek black design adds a modern touch to your drinkware collection.,NULL,KIT-BRD-BLA-049,Kitchen-Accessories,Cups,5.99,15.65,5.05,4.46,75,1 year,overnight,In Stock,30 days,48,https://cdn.dummyjson.com/product-images/kitchen-accessories/black-aluminium-cup/thumbnail.webp
50,Black Whisk,The Black Whisk is a kitchen essential for whisking and beating ingredients. Its ergonomic handle and sleek design make it a practical and stylish tool.,NULL,KIT-BRD-BLA-050,Kitchen-Accessories,Utensils,9.99,10.24,8.97,3.9,73,3 months,1 month,In Stock,30 days,40,https://cdn.dummyjson.com/product-images/kitchen-accessories/black-whisk/thumbnail.webp
51,Boxed Blender,"The Boxed Blender is a powerful and compact blender perfect for smoothies, shakes, and more. Its convenient design and multiple functions make it a versatile kitchen appliance.",NULL,KIT-BRD-BOX-051,Kitchen-Accessories,Blenders,39.99,7.26,37.09,4.56,9,5 year,1-2 business days,In Stock,7 days,4,https://cdn.dummyjson.com/product-images/kitchen-accessories/boxed-blender/thumbnail.webp
52,Carbon Steel Wok,"The Carbon Steel Wok is a versatile cooking pan suitable for stir-frying, sautéing, and deep frying. Its sturdy construction ensures even heat distribution for delicious meals.",NULL,KIT-BRD-CAR-052,Kitchen-Accessories,Woks,29.99,6.53,28.03,4.05,40,2 year,1-2 business days,In Stock,7 days,9,https://cdn.dummyjson.com/product-images/kitchen-accessories/carbon-steel-wok/thumbnail.webp
53,Chopping Board,"The Chopping Board is an essential kitchen accessory for food preparation. Made from durable material, it provides a safe and hygienic surface for cutting and chopping.",NULL,KIT-BRD-CHO-053,Kitchen-Accessories,Cutting Boards,12.99,8.03,11.95,3.7,14,3 months,2 weeks,In Stock,No return,5,https://cdn.dummyjson.com/product-images/kitchen-accessories/chopping-board/thumbnail.webp
54,Citrus Squeezer Yellow,The Citrus Squeezer in Yellow is a handy tool for extracting juice from citrus fruits. Its vibrant color adds a cheerful touch to your kitchen gadgets.,NULL,KIT-BRD-CIT-054,Kitchen-Accessories,Juicers,8.99,12.1,7.9,4.63,22,2 year,3-5 business days,In Stock,60 days,38,https://cdn.dummyjson.com/product-images/kitchen-accessories/citrus-squeezer-yellow/thumbnail.webp
55,Egg Slicer,"The Egg Slicer is a convenient tool for slicing boiled eggs evenly. It's perfect for salads, sandwiches, and other dishes where sliced eggs are desired.",NULL,KIT-BRD-SLI-055,Kitchen-Accessories,Slicers,6.99,14.76,5.96,3.09,40,1 week,1 month,In Stock,No return,32,https://cdn.dummyjson.com/product-images/kitchen-accessories/egg-slicer/thumbnail.webp
56,Electric Stove,The Electric Stove provides a portable and efficient cooking solution. Ideal for small kitchens or as an additional cooking surface for various culinary needs.,NULL,KIT-BRD-ELE-056,Kitchen-Accessories,Cooktops,49.99,14.04,42.97,4.11,21,2 year,1 week,In Stock,7 days,8,https://cdn.dummyjson.com/product-images/kitchen-accessories/electric-stove/thumbnail.webp
57,Fine Mesh Strainer,The Fine Mesh Strainer is a versatile tool for straining liquids and sifting dry ingredients. Its fine mesh ensures efficient filtering for smooth cooking and baking.,NULL,KIT-BRD-FIN-057,Kitchen-Accessories,Strainers,9.99,3.5,9.64,3.04,85,1 month,overnight,In Stock,7 days,43,https://cdn.dummyjson.com/product-images/kitchen-accessories/fine-mesh-strainer/thumbnail.webp
58,Fork,The Fork is a classic utensil for various dining and serving purposes. Its durable and ergonomic design makes it a reliable choice for everyday use.,NULL,KIT-BRD-FOR-058,Kitchen-Accessories,Utensils,3.99,8.07,3.67,3.11,7,No,1 month,In Stock,No return,36,https://cdn.dummyjson.com/product-images/kitchen-accessories/fork/thumbnail.webp
59,Glass,The Glass is a versatile and elegant drinking vessel suitable for a variety of beverages. Its clear design allows you to enjoy the colors and textures of your drinks.,NULL,KIT-BRD-GLA-059,Kitchen-Accessories,Glasses,4.99,7.92,4.59,4.02,46,3 year,overnight,In Stock,7 days,17,https://cdn.dummyjson.com/product-images/kitchen-accessories/glass/thumbnail.webp
60,Grater Black,"The Grater in Black is a handy kitchen tool for grating cheese, vegetables, and more. Its sleek design and sharp blades make food preparation efficient and easy.",NULL,KIT-BRD-GRA-060,Kitchen-Accessories,Graters,10.99,3.56,10.6,3.21,84,1 month,1 week,In Stock,60 days,5,https://cdn.dummyjson.com/product-images/kitchen-accessories/grater-black/thumbnail.webp
61,Hand Blender,"The Hand Blender is a versatile kitchen appliance for blending, pureeing, and mixing. Its compact design and powerful motor make it a convenient tool for various recipes.",NULL,KIT-BRD-HAN-061,Kitchen-Accessories,Blenders,34.99,17.02,29.03,3.86,84,1 year,1 week,In Stock,No return,11,https://cdn.dummyjson.com/product-images/kitchen-accessories/hand-blender/thumbnail.webp
62,Ice Cube Tray,The Ice Cube Tray is a practical accessory for making ice cubes in various shapes. Perfect for keeping your drinks cool and adding a fun element to your beverages.,NULL,KIT-BRD-CUB-062,Kitchen-Accessories,Ice Cube Trays,5.99,0.63,5.95,4.71,13,1 month,overnight,In Stock,No return,16,https://cdn.dummyjson.com/product-images/kitchen-accessories/ice-cube-tray/thumbnail.webp
63,Kitchen Sieve,The Kitchen Sieve is a versatile tool for sifting and straining dry and wet ingredients. Its fine mesh design ensures smooth results in your cooking and baking.,NULL,KIT-BRD-KIT-063,Kitchen-Accessories,Strainers,7.99,18.91,6.48,3.09,68,1 month,overnight,In Stock,No return,5,https://cdn.dummyjson.com/product-images/kitchen-accessories/kitchen-sieve/thumbnail.webp
64,Knife,"The Knife is an essential kitchen tool for chopping, slicing, and dicing. Its sharp blade and ergonomic handle make it a reliable choice for food preparation.",NULL,KIT-BRD-KNI-064,Kitchen-Accessories,Cutlery,14.99,18.86,12.16,3.26,7,1 month,1 week,Low Stock,7 days,50,https://cdn.dummyjson.com/product-images/kitchen-accessories/knife/thumbnail.webp
65,Lunch Box,"The Lunch Box is a convenient and portable container for packing and carrying your meals. With compartments for different foods, it's perfect for on-the-go dining.",NULL,KIT-BRD-LUN-065,Kitchen-Accessories,Storage,12.99,10.34,11.65,4.93,94,5 year,1-2 business days,In Stock,30 days,39,https://cdn.dummyjson.com/product-images/kitchen-accessories/lunch-box/thumbnail.webp
66,Microwave Oven,"The Microwave Oven is a versatile kitchen appliance for quick and efficient cooking, reheating, and defrosting. Its compact size makes it suitable for various kitchen setups.",NULL,KIT-BRD-MIC-066,Kitchen-Accessories,Microwaves,89.99,12.13,79.07,4.82,59,1 year,1 week,In Stock,7 days,4,https://cdn.dummyjson.com/product-images/kitchen-accessories/microwave-oven/thumbnail.webp
67,Mug Tree Stand,The Mug Tree Stand is a stylish and space-saving solution for organizing your mugs. Keep your favorite mugs easily accessible and neatly displayed in your kitchen.,NULL,KIT-BRD-TRE-067,Kitchen-Accessories,Organization,15.99,9.25,14.51,2.64,88,1 year,1 month,In Stock,30 days,45,https://cdn.dummyjson.com/product-images/kitchen-accessories/mug-tree-stand/thumbnail.webp
68,Pan,"The Pan is a versatile and essential cookware item for frying, sautéing, and cooking various dishes. Its non-stick coating ensures easy food release and cleanup.",NULL,KIT-BRD-PRD-068,Kitchen-Accessories,Pans,24.99,3,24.24,2.79,90,1 year,3-5 business days,In Stock,30 days,17,https://cdn.dummyjson.com/product-images/kitchen-accessories/pan/thumbnail.webp
69,Plate,The Plate is a classic and essential dishware item for serving meals. Its durable and stylish design makes it suitable for everyday use or special occasions.,NULL,KIT-BRD-PLA-069,Kitchen-Accessories,Plates,3.99,7.31,3.7,3.65,66,1 year,1-2 business days,In Stock,90 days,6,https://cdn.dummyjson.com/product-images/kitchen-accessories/plate/thumbnail.webp
70,Red Tongs,The Red Tongs are versatile kitchen tongs suitable for various cooking and serving tasks. Their vibrant color adds a pop of excitement to your kitchen utensils.,NULL,KIT-BRD-TON-070,Kitchen-Accessories,Tongs,6.99,14.52,5.98,4.42,82,No,1 week,In Stock,30 days,23,https://cdn.dummyjson.com/product-images/kitchen-accessories/red-tongs/thumbnail.webp
71,Silver Pot With Glass Cap,"The Silver Pot with Glass Cap is a stylish and functional cookware item for boiling, simmering, and preparing delicious meals. Its glass cap allows you to monitor cooking progress.",NULL,KIT-BRD-SIL-071,Kitchen-Accessories,Pots,39.99,5.7,37.71,3.22,40,1 year,1 month,In Stock,90 days,10,https://cdn.dummyjson.com/product-images/kitchen-accessories/silver-pot-with-glass-cap/thumbnail.webp
72,Slotted Turner,"The Slotted Turner is a kitchen utensil designed for flipping and turning food items. Its slotted design allows excess liquid to drain, making it ideal for frying and sautéing.",NULL,KIT-BRD-SLO-072,Kitchen-Accessories,Turners,8.99,13.35,7.79,3.4,88,Lifetime,1-2 business days,In Stock,7 days,34,https://cdn.dummyjson.com/product-images/kitchen-accessories/slotted-turner/thumbnail.webp
73,Spice Rack,The Spice Rack is a convenient organizer for your spices and seasonings. Keep your kitchen essentials within reach and neatly arranged with this stylish spice rack.,NULL,KIT-BRD-SPI-073,Kitchen-Accessories,Organization,19.99,12.09,17.57,4.87,79,1 week,overnight,In Stock,7 days,18,https://cdn.dummyjson.com/product-images/kitchen-accessories/spice-rack/thumbnail.webp
74,Spoon,"The Spoon is a versatile kitchen utensil for stirring, serving, and tasting. Its ergonomic design and durable construction make it an essential tool for every kitchen.",NULL,KIT-BRD-SPO-074,Kitchen-Accessories,Utensils,4.99,1.53,4.91,4.03,59,1 year,1-2 business days,In Stock,90 days,15,https://cdn.dummyjson.com/product-images/kitchen-accessories/spoon/thumbnail.webp
75,Tray,"The Tray is a functional and decorative item for serving snacks, appetizers, or drinks. Its stylish design makes it a versatile accessory for entertaining guests.",NULL,KIT-BRD-TRA-075,Kitchen-Accessories,Trays,16.99,7.48,15.72,4.62,71,5 year,2 weeks,In Stock,7 days,23,https://cdn.dummyjson.com/product-images/kitchen-accessories/tray/thumbnail.webp
76,Wooden Rolling Pin,The Wooden Rolling Pin is a classic kitchen tool for rolling out dough for baking. Its smooth surface and sturdy handles make it easy to achieve uniform thickness.,NULL,KIT-BRD-WOO-076,Kitchen-Accessories,Baking,11.99,9.75,10.82,2.92,80,3 year,2 weeks,In Stock,30 days,11,https://cdn.dummyjson.com/product-images/kitchen-accessories/wooden-rolling-pin/thumbnail.webp
77,Yellow Peeler,The Yellow Peeler is a handy tool for peeling fruits and vegetables with ease. Its bright yellow color adds a cheerful touch to your kitchen gadgets.,NULL,KIT-BRD-YEL-077,Kitchen-Accessories,Peelers,5.99,12.48,5.24,4.24,35,1 month,3-5 business days,In Stock,90 days,6,https://cdn.dummyjson.com/product-images/kitchen-accessories/yellow-peeler/thumbnail.webp
78,Apple MacBook Pro 14 Inch Space Grey,"The MacBook Pro 14 Inch in Space Grey is a powerful and sleek laptop, featuring Apple's M1 Pro chip for exceptional performance and a stunning Retina display.",Apple,LAP-APP-APP-078,Laptops,Apple,1999.99,4.69,1906.19,3.65,24,3 year,2 weeks,In Stock,90 days,1,https://cdn.dummyjson.com/product-images/laptops/apple-macbook-pro-14-inch-space-grey/thumbnail.webp
79,Asus Zenbook Pro Dual Screen Laptop,"The Asus Zenbook Pro Dual Screen Laptop is a high-performance device with dual screens, providing productivity and versatility for creative professionals.",Asus,LAP-ASU-ASU-079,Laptops,Laptops,1799.99,11.14,1599.47,3.95,45,3 year,1 month,In Stock,7 days,1,https://cdn.dummyjson.com/product-images/laptops/asus-zenbook-pro-dual-screen-laptop/thumbnail.webp
80,Huawei Matebook X Pro,"The Huawei Matebook X Pro is a slim and stylish laptop with a high-resolution touchscreen display, offering a premium experience for users on the go.",Huawei,LAP-HUA-HUA-080,Laptops,Laptops,1399.99,9.38,1268.67,4.98,75,No,overnight,In Stock,60 days,1,https://cdn.dummyjson.com/product-images/laptops/huawei-matebook-x-pro/thumbnail.webp
81,Lenovo Yoga 920,"The Lenovo Yoga 920 is a 2-in-1 convertible laptop with a flexible hinge, allowing you to use it as a laptop or tablet, offering versatility and portability.",Lenovo,LAP-LEN-LEN-081,Laptops,Laptops,1099.99,6.55,1027.94,2.86,40,6 months,2 weeks,In Stock,No return,1,https://cdn.dummyjson.com/product-images/laptops/lenovo-yoga-920/thumbnail.webp
82,New DELL XPS 13 9300 Laptop,"The New DELL XPS 13 9300 Laptop is a compact and powerful device, featuring a virtually borderless InfinityEdge display and high-end performance for various tasks.",Dell,LAP-DEL-DEL-082,Laptops,Laptops,1499.99,11.89,1321.64,2.67,74,2 year,2 weeks,In Stock,60 days,1,https://cdn.dummyjson.com/product-images/laptops/new-dell-xps-13-9300-laptop/thumbnail.webp
83,Blue & Black Check Shirt,"The Blue & Black Check Shirt is a stylish and comfortable men's shirt featuring a classic check pattern. Made from high-quality fabric, it's suitable for both casual and semi-formal occasions.",Fashion Trends,MEN-FAS-BLU-083,Mens-Shirts,Men'S Shirts,29.99,15.35,25.39,3.64,38,3 year,3-5 business days,In Stock,30 days,18,https://cdn.dummyjson.com/product-images/mens-shirts/blue-&-black-check-shirt/thumbnail.webp
84,Gigabyte Aorus Men Tshirt,"The Gigabyte Aorus Men Tshirt is a cool and casual shirt for gaming enthusiasts. With the Aorus logo and sleek design, it's perfect for expressing your gaming style.",Gigabyte,MEN-GIG-GIG-084,Mens-Shirts,Men'S T-Shirts,24.99,0.94,24.76,3.18,90,3 year,overnight,In Stock,30 days,16,https://cdn.dummyjson.com/product-images/mens-shirts/gigabyte-aorus-men-tshirt/thumbnail.webp
85,Man Plaid Shirt,The Man Plaid Shirt is a timeless and versatile men's shirt with a classic plaid pattern. Its comfortable fit and casual style make it a wardrobe essential for various occasions.,Classic Wear,MEN-CLA-PLA-085,Mens-Shirts,Men'S Shirts,34.99,19.5,28.17,3.46,82,1 week,1-2 business days,In Stock,7 days,13,https://cdn.dummyjson.com/product-images/mens-shirts/man-plaid-shirt/thumbnail.webp
86,Man Short Sleeve Shirt,"The Man Short Sleeve Shirt is a breezy and stylish option for warm days. With a comfortable fit and short sleeves, it's perfect for a laid-back yet polished look.",Casual Comfort,MEN-CAS-SHO-086,Mens-Shirts,Men'S Shirts,19.99,6.83,18.62,2.9,2,3 year,2 weeks,Low Stock,30 days,4,https://cdn.dummyjson.com/product-images/mens-shirts/man-short-sleeve-shirt/thumbnail.webp
87,Men Check Shirt,"The Men Check Shirt is a classic and versatile shirt featuring a stylish check pattern. Suitable for various occasions, it adds a smart and polished touch to your wardrobe.",Urban Chic,MEN-URB-CHE-087,Mens-Shirts,Men'S Shirts,27.99,11.38,24.8,2.72,95,No,1-2 business days,In Stock,30 days,12,https://cdn.dummyjson.com/product-images/mens-shirts/men-check-shirt/thumbnail.webp
88,Nike Air Jordan 1 Red And Black,"The Nike Air Jordan 1 in Red and Black is an iconic basketball sneaker known for its stylish design and high-performance features, making it a favorite among sneaker enthusiasts and athletes.",Nike,MEN-NIK-NIK-088,Mens-Shoes,Athletic Shoes,149.99,4.12,143.81,4.77,7,1 year,1 week,In Stock,No return,1,https://cdn.dummyjson.com/product-images/mens-shoes/nike-air-jordan-1-red-and-black/thumbnail.webp
89,Nike Baseball Cleats,Nike Baseball Cleats are designed for maximum traction and performance on the baseball field. They provide stability and support for players during games and practices.,Nike,MEN-NIK-NIK-089,Mens-Shoes,Sports Cleats,79.99,18.04,65.56,3.88,12,6 months,2 weeks,In Stock,No return,3,https://cdn.dummyjson.com/product-images/mens-shoes/nike-baseball-cleats/thumbnail.webp
90,Puma Future Rider Trainers,"The Puma Future Rider Trainers offer a blend of retro style and modern comfort. Perfect for casual wear, these trainers provide a fashionable and comfortable option for everyday use.",Puma,MEN-PUM-PUM-090,Mens-Shoes,Casual Shoes,89.99,4.2,86.21,4.9,90,5 year,1-2 business days,In Stock,90 days,10,https://cdn.dummyjson.com/product-images/mens-shoes/puma-future-rider-trainers/thumbnail.webp
91,Sports Sneakers Off White & Red,"The Sports Sneakers in Off White and Red combine style and functionality, making them a fashionable choice for sports enthusiasts. The red and off-white color combination adds a bold and energetic touch.",Off White,MEN-OFF-SPO-091,Mens-Shoes,Athletic Shoes,119.99,4.97,114.03,4.77,17,1 week,3-5 business days,In Stock,30 days,5,https://cdn.dummyjson.com/product-images/mens-shoes/sports-sneakers-off-white-&-red/thumbnail.webp
92,Sports Sneakers Off White Red,"Another variant of the Sports Sneakers in Off White Red, featuring a unique design. These sneakers offer style and comfort for casual occasions.",Off White,MEN-OFF-SPO-092,Mens-Shoes,Casual Shoes,109.99,0.04,109.95,4.69,62,3 months,overnight,In Stock,60 days,3,https://cdn.dummyjson.com/product-images/mens-shoes/sports-sneakers-off-white-red/thumbnail.webp
93,Brown Leather Belt Watch,"The Brown Leather Belt Watch is a stylish timepiece with a classic design. Featuring a genuine leather strap and a sleek dial, it adds a touch of sophistication to your look.",Fashion Timepieces,MEN-FAS-BRO-093,Mens-Watches,Leather Watches,89.99,5.99,84.6,4.19,32,1 year,1 month,In Stock,30 days,7,https://cdn.dummyjson.com/product-images/mens-watches/brown-leather-belt-watch/thumbnail.webp
94,Longines Master Collection,"The Longines Master Collection is an elegant and refined watch known for its precision and craftsmanship. With a timeless design, it's a symbol of luxury and sophistication.",Longines,MEN-LON-LON-094,Mens-Watches,Luxury Watches,1499.99,17.24,1241.39,3.87,100,1 week,1-2 business days,In Stock,7 days,1,https://cdn.dummyjson.com/product-images/mens-watches/longines-master-collection/thumbnail.webp
95,Rolex Cellini Date Black Dial,"The Rolex Cellini Date with Black Dial is a classic and prestigious watch. With a black dial and date complication, it exudes sophistication and is a symbol of Rolex's heritage.",Rolex,MEN-ROL-ROL-095,Mens-Watches,Luxury Watches,8999.99,8.88,8200.79,4.97,40,3 months,1 week,In Stock,90 days,1,https://cdn.dummyjson.com/product-images/mens-watches/rolex-cellini-date-black-dial/thumbnail.webp
96,Rolex Cellini Moonphase,"The Rolex Cellini Moonphase is a masterpiece of horology, featuring a moon phase complication and exquisite design. It reflects Rolex's commitment to precision and elegance.",Rolex,MEN-ROL-ROL-096,Mens-Watches,Luxury Watches,12999.99,17.52,10722.39,2.58,36,6 months,overnight,In Stock,7 days,1,https://cdn.dummyjson.com/product-images/mens-watches/rolex-cellini-moonphase/thumbnail.webp
97,Rolex Datejust,"The Rolex Datejust is an iconic and versatile timepiece with a date window. Known for its timeless design and reliability, it's a symbol of Rolex's watchmaking excellence.",Rolex,MEN-ROL-ROL-097,Mens-Watches,Luxury Watches,10999.99,3.73,10589.69,3.66,86,2 year,1 month,In Stock,7 days,1,https://cdn.dummyjson.com/product-images/mens-watches/rolex-datejust/thumbnail.webp
98,Rolex Submariner Watch,"The Rolex Submariner is a legendary dive watch with a rich history. Known for its durability and water resistance, it's a symbol of adventure and exploration.",Rolex,MEN-ROL-ROL-098,Mens-Watches,Luxury Watches,13999.99,5.05,13292.99,2.69,55,5 year,1 month,In Stock,90 days,1,https://cdn.dummyjson.com/product-images/mens-watches/rolex-submariner-watch/thumbnail.webp
99,Amazon Echo Plus,The Amazon Echo Plus is a smart speaker with built-in Alexa voice control. It features premium sound quality and serves as a hub for controlling smart home devices.,Amazon,MOB-AMA-AMA-099,Mobile-Accessories,Smart Speakers,99.99,12.07,87.92,4.99,61,6 months,1 week,In Stock,7 days,9,https://cdn.dummyjson.com/product-images/mobile-accessories/amazon-echo-plus/thumbnail.webp
100,Apple Airpods,"The Apple Airpods offer a seamless wireless audio experience. With easy pairing, high-quality sound, and Siri integration, they are perfect for on-the-go listening.",Apple,MOB-APP-APP-100,Mobile-Accessories,Wireless Earphones,129.99,15.54,109.79,4.15,67,3 year,3-5 business days,In Stock,No return,4,https://cdn.dummyjson.com/product-images/mobile-accessories/apple-airpods/thumbnail.webp
101,Apple AirPods Max Silver,"The Apple AirPods Max in Silver are premium over-ear headphones with high-fidelity audio, adaptive EQ, and active noise cancellation. Experience immersive sound in style.",Apple,MOB-APP-APP-101,Mobile-Accessories,Over-Ear Headphones,549.99,13.67,474.81,3.47,59,No,2 weeks,In Stock,No return,1,https://cdn.dummyjson.com/product-images/mobile-accessories/apple-airpods-max-silver/thumbnail.webp
102,Apple Airpower Wireless Charger,The Apple AirPower Wireless Charger provides a convenient way to charge your compatible Apple devices wirelessly. Simply place your devices on the charging mat for effortless charging.,Apple,MOB-APP-APP-102,Mobile-Accessories,Wireless Chargers,79.99,4.48,76.41,3.68,1,2 year,1 week,Low Stock,90 days,7,https://cdn.dummyjson.com/product-images/mobile-accessories/apple-airpower-wireless-charger/thumbnail.webp
103,Apple HomePod Mini Cosmic Grey,The Apple HomePod Mini in Cosmic Grey is a compact smart speaker that delivers impressive audio and integrates seamlessly with the Apple ecosystem for a smart home experience.,Apple,MOB-APP-APP-103,Mobile-Accessories,Smart Speakers,99.99,18.1,81.89,4.62,27,3 months,1 month,In Stock,90 days,8,https://cdn.dummyjson.com/product-images/mobile-accessories/apple-homepod-mini-cosmic-grey/thumbnail.webp
104,Apple iPhone Charger,The Apple iPhone Charger is a high-quality charger designed for fast and efficient charging of your iPhone. Ensure your device stays powered up and ready to go.,Apple,MOB-APP-APP-104,Mobile-Accessories,Chargers,19.99,18.52,16.29,4.15,31,1 year,2 weeks,In Stock,90 days,14,https://cdn.dummyjson.com/product-images/mobile-accessories/apple-iphone-charger/thumbnail.webp
105,Apple MagSafe Battery Pack,The Apple MagSafe Battery Pack is a portable and convenient way to add extra battery life to your MagSafe-compatible iPhone. Attach it magnetically for a secure connection.,Apple,MOB-APP-APP-105,Mobile-Accessories,Power Banks,99.99,17.17,82.82,3.62,1,2 year,overnight,Low Stock,No return,4,https://cdn.dummyjson.com/product-images/mobile-accessories/apple-magsafe-battery-pack/thumbnail.webp
106,Apple Watch Series 4 Gold,"The Apple Watch Series 4 in Gold is a stylish and advanced smartwatch with features like heart rate monitoring, fitness tracking, and a beautiful Retina display.",Apple,MOB-APP-APP-106,Mobile-Accessories,Smartwatches,349.99,12.02,307.92,2.74,33,6 months,1 month,In Stock,No return,3,https://cdn.dummyjson.com/product-images/mobile-accessories/apple-watch-series-4-gold/thumbnail.webp
107,Beats Flex Wireless Earphones,"The Beats Flex Wireless Earphones offer a comfortable and versatile audio experience. With magnetic earbuds and up to 12 hours of battery life, they are ideal for everyday use.",Beats,MOB-BEA-BEA-107,Mobile-Accessories,Wireless Earphones,49.99,5.73,47.13,4.24,50,1 year,1-2 business days,In Stock,7 days,17,https://cdn.dummyjson.com/product-images/mobile-accessories/beats-flex-wireless-earphones/thumbnail.webp
108,iPhone 12 Silicone Case with MagSafe Plum,The iPhone 12 Silicone Case with MagSafe in Plum is a stylish and protective case designed for the iPhone 12. It features MagSafe technology for easy attachment of accessories.,Apple,MOB-APP-IPH-108,Mobile-Accessories,Phone Accessories,29.99,13.85,25.84,3.62,69,3 months,3-5 business days,In Stock,90 days,4,https://cdn.dummyjson.com/product-images/mobile-accessories/iphone-12-silicone-case-with-magsafe-plum/thumbnail.webp
109,Monopod,"The Monopod is a versatile camera accessory for stable and adjustable shooting. Perfect for capturing selfies, group photos, and videos with ease.",TechGear,MOB-TEC-MON-109,Mobile-Accessories,Camera Accessories,19.99,8.58,18.27,4.43,48,1 year,1-2 business days,In Stock,60 days,30,https://cdn.dummyjson.com/product-images/mobile-accessories/monopod/thumbnail.webp
110,Selfie Lamp with iPhone,The Selfie Lamp with iPhone is a portable and adjustable LED light designed to enhance your selfies and video calls. Attach it to your iPhone for well-lit photos.,GadgetMaster,MOB-GAD-SEL-110,Mobile-Accessories,Selfie Accessories,14.99,19.4,12.08,3.55,58,Lifetime,2 weeks,In Stock,60 days,22,https://cdn.dummyjson.com/product-images/mobile-accessories/selfie-lamp-with-iphone/thumbnail.webp
111,Selfie Stick Monopod,The Selfie Stick Monopod is a extendable and foldable device for capturing the perfect selfie or group photo. Compatible with smartphones and cameras.,SnapTech,MOB-SNA-SEL-111,Mobile-Accessories,Selfie Accessories,12.99,19.12,10.51,3.88,11,3 year,1-2 business days,In Stock,30 days,8,https://cdn.dummyjson.com/product-images/mobile-accessories/selfie-stick-monopod/thumbnail.webp
112,TV Studio Camera Pedestal,The TV Studio Camera Pedestal is a professional-grade camera support system for smooth and precise camera movements in a studio setting. Ideal for broadcast and production.,ProVision,MOB-PRO-STU-112,Mobile-Accessories,Camera Accessories,499.99,8.31,458.44,2.78,15,3 months,1-2 business days,In Stock,7 days,1,https://cdn.dummyjson.com/product-images/mobile-accessories/tv-studio-camera-pedestal/thumbnail.webp
113,Generic Motorcycle,"The Generic Motorcycle is a versatile and reliable bike suitable for various riding preferences. With a balanced design, it provides a comfortable and efficient riding experience.",Generic Motors,MOT-GEN-GEN-113,Motorcycle,Motorcycles,3999.99,12.1,3515.99,4.91,34,1 year,2 weeks,In Stock,7 days,1,https://cdn.dummyjson.com/product-images/motorcycle/generic-motorcycle/thumbnail.webp
114,Kawasaki Z800,"The Kawasaki Z800 is a powerful and agile sportbike known for its striking design and performance. It's equipped with advanced features, making it a favorite among motorcycle enthusiasts.",Kawasaki,MOT-KAW-KAW-114,Motorcycle,Sportbikes,8999.99,9.77,8120.69,3.98,52,Lifetime,3-5 business days,In Stock,90 days,1,https://cdn.dummyjson.com/product-images/motorcycle/kawasaki-z800/thumbnail.webp
115,MotoGP CI.H1,The MotoGP CI.H1 is a high-performance motorcycle inspired by MotoGP racing technology. It offers cutting-edge features and precision engineering for an exhilarating riding experience.,MotoGP,MOT-MOT-MOT-115,Motorcycle,Sportbikes,14999.99,6.92,13961.99,2.97,10,1 month,3-5 business days,In Stock,30 days,1,https://cdn.dummyjson.com/product-images/motorcycle/motogp-ci.h1/thumbnail.webp
116,Scooter Motorcycle,The Scooter Motorcycle is a practical and fuel-efficient bike ideal for urban commuting. It features a step-through design and user-friendly controls for easy maneuverability.,ScootMaster,MOT-SCO-SCO-116,Motorcycle,Scooters,2999.99,6.27,2811.89,2.53,84,5 year,overnight,In Stock,7 days,1,https://cdn.dummyjson.com/product-images/motorcycle/scooter-motorcycle/thumbnail.webp
117,Sportbike Motorcycle,"The Sportbike Motorcycle is designed for speed and agility, with a sleek and aerodynamic profile. It's suitable for riders looking for a dynamic and thrilling riding experience.",SpeedMaster,MOT-SPE-SPO-117,Motorcycle,Sportbikes,7499.99,11.58,6631.49,3.94,0,5 year,2 weeks,Out of Stock,30 days,1,https://cdn.dummyjson.com/product-images/motorcycle/sportbike-motorcycle/thumbnail.webp
118,Attitude Super Leaves Hand Soap,"Attitude Super Leaves Hand Soap is a natural and nourishing hand soap enriched with the goodness of super leaves. It cleanses and moisturizes your hands, leaving them feeling fresh and soft.",Attitude,SKI-ATT-ATT-118,Skin-Care,Hand Soap,8.99,18.49,7.33,3.19,94,6 months,overnight,In Stock,60 days,41,https://cdn.dummyjson.com/product-images/skin-care/attitude-super-leaves-hand-soap/thumbnail.webp
119,Olay Ultra Moisture Shea Butter Body Wash,Olay Ultra Moisture Shea Butter Body Wash is a luxurious body wash that hydrates and nourishes your skin with the moisturizing power of shea butter. Enjoy a rich lather and silky-smooth skin.,Olay,SKI-OLA-OLA-119,Skin-Care,Body Wash,12.99,16.39,10.86,4.51,34,1 year,1-2 business days,In Stock,30 days,33,https://cdn.dummyjson.com/product-images/skin-care/olay-ultra-moisture-shea-butter-body-wash/thumbnail.webp
120,Vaseline Men Body and Face Lotion,Vaseline Men Body and Face Lotion is a specially formulated lotion designed to provide long-lasting moisture to men's skin. It absorbs quickly and helps keep the skin hydrated and healthy.,Vaseline,SKI-VAS-VAS-120,Skin-Care,Body Lotion,9.99,13.39,8.65,3.16,95,Lifetime,overnight,In Stock,90 days,9,https://cdn.dummyjson.com/product-images/skin-care/vaseline-men-body-and-face-lotion/thumbnail.webp
121,iPhone 5s,"The iPhone 5s is a classic smartphone known for its compact design and advanced features during its release. While it's an older model, it still provides a reliable user experience.",Apple,SMA-APP-IPH-121,Smartphones,Apple,199.99,12.91,174.17,2.83,25,Lifetime,1 month,In Stock,60 days,3,https://cdn.dummyjson.com/product-images/smartphones/iphone-5s/thumbnail.webp
122,iPhone 6,"The iPhone 6 is a stylish and capable smartphone with a larger display and improved performance. It introduced new features and design elements, making it a popular choice in its time.",Apple,SMA-APP-IPH-122,Smartphones,Apple,299.99,6.69,279.92,3.41,60,1 month,overnight,In Stock,7 days,5,https://cdn.dummyjson.com/product-images/smartphones/iphone-6/thumbnail.webp
123,iPhone 13 Pro,"The iPhone 13 Pro is a cutting-edge smartphone with a powerful camera system, high-performance chip, and stunning display. It offers advanced features for users who demand top-notch technology.",Apple,SMA-APP-IPH-123,Smartphones,Apple,1099.99,9.37,996.92,4.12,56,3 year,2 weeks,In Stock,7 days,1,https://cdn.dummyjson.com/product-images/smartphones/iphone-13-pro/thumbnail.webp
124,iPhone X,"The iPhone X is a flagship smartphone featuring a bezel-less OLED display, facial recognition technology (Face ID), and impressive performance. It represents a milestone in iPhone design and innovation.",Apple,SMA-APP-IPH-124,Smartphones,Apple,899.99,19.59,723.68,2.51,37,3 months,3-5 business days,In Stock,7 days,2,https://cdn.dummyjson.com/product-images/smartphones/iphone-x/thumbnail.webp
125,Oppo A57,"The Oppo A57 is a mid-range smartphone known for its sleek design and capable features. It offers a balance of performance and affordability, making it a popular choice.",Oppo,SMA-OPP-OPP-125,Smartphones,Oppo,249.99,2.43,243.92,3.94,19,Lifetime,3-5 business days,In Stock,90 days,3,https://cdn.dummyjson.com/product-images/smartphones/oppo-a57/thumbnail.webp
126,Oppo F19 Pro Plus,The Oppo F19 Pro Plus is a feature-rich smartphone with a focus on camera capabilities. It boasts advanced photography features and a powerful performance for a premium user experience.,Oppo,SMA-OPP-OPP-126,Smartphones,Oppo,399.99,18.64,325.43,3.51,78,3 year,1 week,In Stock,90 days,1,https://cdn.dummyjson.com/product-images/smartphones/oppo-f19-pro-plus/thumbnail.webp
127,Oppo K1,"The Oppo K1 series offers a range of smartphones with various features and specifications. Known for their stylish design and reliable performance, the Oppo K1 series caters to diverse user preferences.",Oppo,SMA-OPP-OPP-127,Smartphones,Oppo,299.99,18.29,245.12,4.25,55,1 month,1-2 business days,In Stock,30 days,5,https://cdn.dummyjson.com/product-images/smartphones/oppo-k1/thumbnail.webp
128,Realme C35,The Realme C35 is a budget-friendly smartphone with a focus on providing essential features for everyday use. It offers a reliable performance and user-friendly experience.,Realme,SMA-REA-REA-128,Smartphones,Realme,149.99,15.3,127.04,4.2,48,3 year,overnight,In Stock,90 days,3,https://cdn.dummyjson.com/product-images/smartphones/realme-c35/thumbnail.webp
129,Realme X,The Realme X is a mid-range smartphone known for its sleek design and impressive display. It offers a good balance of performance and camera capabilities for users seeking a quality device.,Realme,SMA-REA-REA-129,Smartphones,Realme,299.99,6.95,279.14,3.7,12,1 month,3-5 business days,In Stock,No return,3,https://cdn.dummyjson.com/product-images/smartphones/realme-x/thumbnail.webp
130,Realme XT,"The Realme XT is a feature-rich smartphone with a focus on camera technology. It comes equipped with advanced camera sensors, delivering high-quality photos and videos for photography enthusiasts.",Realme,SMA-REA-REA-130,Smartphones,Realme,349.99,11.51,309.71,4.58,80,3 year,1 month,In Stock,60 days,3,https://cdn.dummyjson.com/product-images/smartphones/realme-xt/thumbnail.webp
131,Samsung Galaxy S7,"The Samsung Galaxy S7 is a flagship smartphone known for its sleek design and advanced features. It features a high-resolution display, powerful camera, and robust performance.",Samsung,SMA-SAM-SAM-131,Smartphones,Samsung Galaxy,299.99,19.55,241.34,3.3,67,3 months,3-5 business days,In Stock,No return,1,https://cdn.dummyjson.com/product-images/smartphones/samsung-galaxy-s7/thumbnail.webp
132,Samsung Galaxy S8,"The Samsung Galaxy S8 is a premium smartphone with an Infinity Display, offering a stunning visual experience. It boasts advanced camera capabilities and cutting-edge technology.",Samsung,SMA-SAM-SAM-132,Smartphones,Samsung Galaxy,499.99,19.45,402.74,4.4,0,2 year,1 week,Out of Stock,No return,4,https://cdn.dummyjson.com/product-images/smartphones/samsung-galaxy-s8/thumbnail.webp
133,Samsung Galaxy S10,"The Samsung Galaxy S10 is a flagship device featuring a dynamic AMOLED display, versatile camera system, and powerful performance. It represents innovation and excellence in smartphone technology.",Samsung,SMA-SAM-SAM-133,Smartphones,Samsung Galaxy,699.99,5.59,660.86,3.06,19,No,2 weeks,In Stock,30 days,2,https://cdn.dummyjson.com/product-images/smartphones/samsung-galaxy-s10/thumbnail.webp
134,Vivo S1,"The Vivo S1 is a stylish and mid-range smartphone offering a blend of design and performance. It features a vibrant display, capable camera system, and reliable functionality.",Vivo,SMA-VIV-VIV-134,Smartphones,Vivo,249.99,10.17,224.57,3.5,50,6 months,3-5 business days,In Stock,7 days,1,https://cdn.dummyjson.com/product-images/smartphones/vivo-s1/thumbnail.webp
135,Vivo V9,"The Vivo V9 is a smartphone known for its sleek design and emphasis on capturing high-quality selfies. It features a notch display, dual-camera setup, and a modern design.",Vivo,SMA-VIV-VIV-135,Smartphones,Vivo,299.99,17.67,246.98,3.6,82,2 year,1 month,In Stock,60 days,2,https://cdn.dummyjson.com/product-images/smartphones/vivo-v9/thumbnail.webp
136,Vivo X21,"The Vivo X21 is a premium smartphone with a focus on cutting-edge technology. It features an in-display fingerprint sensor, a high-resolution display, and advanced camera capabilities.",Vivo,SMA-VIV-VIV-136,Smartphones,Vivo,499.99,17.41,412.94,4.26,7,1 year,1-2 business days,In Stock,60 days,3,https://cdn.dummyjson.com/product-images/smartphones/vivo-x21/thumbnail.webp
137,American Football,"The American Football is a classic ball used in American football games. It is designed for throwing and catching, making it an essential piece of equipment for the sport.",NULL,SPO-BRD-AME-137,Sports-Accessories,American Football,19.99,4.93,19,4.91,53,6 months,1 month,In Stock,90 days,1,https://cdn.dummyjson.com/product-images/sports-accessories/american-football/thumbnail.webp
138,Baseball Ball,"The Baseball Ball is a standard baseball used in baseball games. It features a durable leather cover and is designed for pitching, hitting, and fielding in the game of baseball.",NULL,SPO-BRD-BAS-138,Sports-Accessories,Baseball,8.99,1.71,8.84,2.57,100,6 months,1 week,In Stock,30 days,11,https://cdn.dummyjson.com/product-images/sports-accessories/baseball-ball/thumbnail.webp
139,Baseball Glove,"The Baseball Glove is a protective glove worn by baseball players. It is designed to catch and field the baseball, providing players with comfort and control during the game.",NULL,SPO-BRD-BAS-139,Sports-Accessories,Baseball,24.99,2.9,24.27,3.96,22,Lifetime,2 weeks,In Stock,90 days,8,https://cdn.dummyjson.com/product-images/sports-accessories/baseball-glove/thumbnail.webp
140,Basketball,"The Basketball is a standard ball used in basketball games. It is designed for dribbling, shooting, and passing in the game of basketball, suitable for both indoor and outdoor play.",NULL,SPO-BRD-BAS-140,Sports-Accessories,Basketball,14.99,7.44,13.87,4.66,75,1 year,1 week,In Stock,90 days,11,https://cdn.dummyjson.com/product-images/sports-accessories/basketball/thumbnail.webp
141,Basketball Rim,The Basketball Rim is a sturdy hoop and net assembly mounted on a basketball backboard. It provides a target for shooting and scoring in the game of basketball.,NULL,SPO-BRD-BAS-141,Sports-Accessories,Basketball,39.99,7.74,36.89,4.6,43,3 months,overnight,In Stock,No return,9,https://cdn.dummyjson.com/product-images/sports-accessories/basketball-rim/thumbnail.webp
142,Cricket Ball,"The Cricket Ball is a hard leather ball used in the sport of cricket. It is bowled and batted in the game, and its hardness and seam contribute to the dynamics of cricket play.",NULL,SPO-BRD-CRI-142,Sports-Accessories,Cricket,12.99,8.63,11.87,3.53,30,3 year,3-5 business days,In Stock,7 days,11,https://cdn.dummyjson.com/product-images/sports-accessories/cricket-ball/thumbnail.webp
143,Cricket Bat,The Cricket Bat is an essential piece of cricket equipment used by batsmen to hit the cricket ball. It is made of wood and comes in various sizes and designs.,NULL,SPO-BRD-CRI-143,Sports-Accessories,Cricket,29.99,3.29,29,3.17,98,1 year,1-2 business days,In Stock,No return,16,https://cdn.dummyjson.com/product-images/sports-accessories/cricket-bat/thumbnail.webp
144,Cricket Helmet,"The Cricket Helmet is a protective headgear worn by cricket players, especially batsmen and wicketkeepers. It provides protection against fast bowling and bouncers.",NULL,SPO-BRD-CRI-144,Sports-Accessories,Cricket,44.99,9.64,40.65,4.69,10,Lifetime,overnight,In Stock,60 days,4,https://cdn.dummyjson.com/product-images/sports-accessories/cricket-helmet/thumbnail.webp
145,Cricket Wicket,"The Cricket Wicket is a set of three stumps and two bails, forming a wicket used in the sport of cricket. Batsmen aim to protect the wicket while scoring runs.",NULL,SPO-BRD-CRI-145,Sports-Accessories,Cricket,29.99,16.93,24.91,4.73,25,3 months,overnight,In Stock,No return,20,https://cdn.dummyjson.com/product-images/sports-accessories/cricket-wicket/thumbnail.webp
146,Feather Shuttlecock,"The Feather Shuttlecock is used in the sport of badminton. It features natural feathers and is designed for high-speed play, providing stability and accuracy during matches.",NULL,SPO-BRD-FEA-146,Sports-Accessories,Badminton,5.99,2.95,5.81,2.85,95,3 year,1-2 business days,In Stock,60 days,30,https://cdn.dummyjson.com/product-images/sports-accessories/feather-shuttlecock/thumbnail.webp
147,Football,"The Football, also known as a soccer ball, is the standard ball used in the sport of football (soccer). It is designed for kicking and passing in the game.",NULL,SPO-BRD-FOO-147,Sports-Accessories,Football,17.99,5.15,17.06,3.28,96,Lifetime,overnight,In Stock,7 days,27,https://cdn.dummyjson.com/product-images/sports-accessories/football/thumbnail.webp
148,Golf Ball,"The Golf Ball is a small ball used in the sport of golf. It features dimples on its surface, providing aerodynamic lift and distance when struck by a golf club.",NULL,SPO-BRD-GOL-148,Sports-Accessories,Golf,9.99,17.37,8.25,4.3,84,1 year,3-5 business days,In Stock,No return,40,https://cdn.dummyjson.com/product-images/sports-accessories/golf-ball/thumbnail.webp
149,Iron Golf,"The Iron Golf is a type of golf club designed for various golf shots. It features a solid metal head and is used for approach shots, chipping, and other golfing techniques.",NULL,SPO-BRD-IRO-149,Sports-Accessories,Golf,49.99,6.53,46.73,4.41,90,3 months,2 weeks,In Stock,7 days,8,https://cdn.dummyjson.com/product-images/sports-accessories/iron-golf/thumbnail.webp
150,Metal Baseball Bat,The Metal Baseball Bat is a durable and lightweight baseball bat made from metal alloys. It is commonly used in baseball games for hitting and batting practice.,NULL,SPO-BRD-MET-150,Sports-Accessories,Baseball,29.99,19.51,24.14,4.66,16,3 year,1 week,In Stock,60 days,9,https://cdn.dummyjson.com/product-images/sports-accessories/metal-baseball-bat/thumbnail.webp
151,Tennis Ball,The Tennis Ball is a standard ball used in the sport of tennis. It is designed for bouncing and hitting with tennis rackets during matches or practice sessions.,NULL,SPO-BRD-TEN-151,Sports-Accessories,Tennis,6.99,11.76,6.17,4.06,28,5 year,1 week,In Stock,7 days,6,https://cdn.dummyjson.com/product-images/sports-accessories/tennis-ball/thumbnail.webp
152,Tennis Racket,"The Tennis Racket is an essential piece of equipment used in the sport of tennis. It features a frame with strings and a grip, allowing players to hit the tennis ball.",NULL,SPO-BRD-TEN-152,Sports-Accessories,Tennis,49.99,19.61,40.19,4.03,6,5 year,overnight,Low Stock,7 days,5,https://cdn.dummyjson.com/product-images/sports-accessories/tennis-racket/thumbnail.webp
153,Volleyball,"The Volleyball is a standard ball used in the sport of volleyball. It is designed for passing, setting, and spiking over the net during volleyball matches.",NULL,SPO-BRD-VOL-153,Sports-Accessories,Volleyball,11.99,12.25,10.52,3.84,0,1 week,1 week,Out of Stock,90 days,44,https://cdn.dummyjson.com/product-images/sports-accessories/volleyball/thumbnail.webp
154,Black Sun Glasses,"The Black Sun Glasses are a classic and stylish choice, featuring a sleek black frame and tinted lenses. They provide both UV protection and a fashionable look.",Fashion Shades,SUN-FAS-BLA-154,Sunglasses,Sunglasses,29.99,4.94,28.51,4.41,60,No,1-2 business days,In Stock,7 days,17,https://cdn.dummyjson.com/product-images/sunglasses/black-sun-glasses/thumbnail.webp
155,Classic Sun Glasses,The Classic Sun Glasses offer a timeless design with a neutral frame and UV-protected lenses. These sunglasses are versatile and suitable for various occasions.,Fashion Shades,SUN-FAS-CLA-155,Sunglasses,Sunglasses,24.99,4.94,23.76,3.86,1,6 months,1 month,Low Stock,90 days,18,https://cdn.dummyjson.com/product-images/sunglasses/classic-sun-glasses/thumbnail.webp
156,Green and Black Glasses,"The Green and Black Glasses feature a bold combination of green and black colors, adding a touch of vibrancy to your eyewear collection. They are both stylish and eye-catching.",Fashion Shades,SUN-FAS-GRE-156,Sunglasses,Sunglasses,34.99,1.01,34.64,4.55,24,1 year,overnight,In Stock,30 days,15,https://cdn.dummyjson.com/product-images/sunglasses/green-and-black-glasses/thumbnail.webp
157,Party Glasses,"The Party Glasses are designed to add flair to your party outfit. With unique shapes or colorful frames, they're perfect for adding a playful touch to your look during celebrations.",Fashion Fun,SUN-FAS-PAR-157,Sunglasses,Party Glasses,19.99,11.22,17.75,2.79,86,3 months,overnight,In Stock,7 days,39,https://cdn.dummyjson.com/product-images/sunglasses/party-glasses/thumbnail.webp
158,Sunglasses,The Sunglasses offer a classic and simple design with a focus on functionality. These sunglasses provide essential UV protection while maintaining a timeless look.,Fashion Shades,SUN-FAS-SUN-158,Sunglasses,Sunglasses,22.99,1.51,22.64,3.02,27,3 year,3-5 business days,In Stock,60 days,8,https://cdn.dummyjson.com/product-images/sunglasses/sunglasses/thumbnail.webp
159,iPad Mini 2021 Starlight,"The iPad Mini 2021 in Starlight is a compact and powerful tablet from Apple. Featuring a stunning Retina display, powerful A-series chip, and a sleek design, it offers a premium tablet experience.",Apple,TAB-APP-IPA-159,Tablets,Tablets,499.99,3.64,481.79,3.18,47,2 year,1-2 business days,In Stock,No return,3,https://cdn.dummyjson.com/product-images/tablets/ipad-mini-2021-starlight/thumbnail.webp
160,Samsung Galaxy Tab S8 Plus Grey,"The Samsung Galaxy Tab S8 Plus in Grey is a high-performance Android tablet by Samsung. With a large AMOLED display, powerful processor, and S Pen support, it's ideal for productivity and entertainment.",Samsung,TAB-SAM-SAM-160,Tablets,Tablets,599.99,13.31,520.13,4.68,62,3 months,2 weeks,In Stock,7 days,1,https://cdn.dummyjson.com/product-images/tablets/samsung-galaxy-tab-s8-plus-grey/thumbnail.webp
161,Samsung Galaxy Tab White,"The Samsung Galaxy Tab in White is a sleek and versatile Android tablet. With a vibrant display, long-lasting battery, and a range of features, it offers a great user experience for various tasks.",Samsung,TAB-SAM-SAM-161,Tablets,Tablets,349.99,18.2,286.29,3.72,92,3 months,overnight,In Stock,7 days,5,https://cdn.dummyjson.com/product-images/tablets/samsung-galaxy-tab-white/thumbnail.webp
162,Blue Frock,"The Blue Frock is a charming and stylish dress for various occasions. With a vibrant blue color and a comfortable design, it adds a touch of elegance to your wardrobe.",NULL,TOP-BRD-BLU-162,Tops,Dresses,29.99,12.13,26.35,4.17,52,Lifetime,2 weeks,In Stock,60 days,4,https://cdn.dummyjson.com/product-images/tops/blue-frock/thumbnail.webp
163,Girl Summer Dress,"The Girl Summer Dress is a cute and breezy dress designed for warm weather. With playful patterns and lightweight fabric, it's perfect for keeping cool and stylish during the summer.",NULL,TOP-BRD-GIR-163,Tops,Girls' Dresses,19.99,19.2,16.15,4.77,43,Lifetime,1 month,In Stock,60 days,46,https://cdn.dummyjson.com/product-images/tops/girl-summer-dress/thumbnail.webp
164,Gray Dress,"The Gray Dress is a versatile and chic option for various occasions. With a neutral gray color, it can be dressed up or down, making it a wardrobe staple for any fashion-forward individual.",NULL,TOP-BRD-GRA-164,Tops,Dresses,34.99,14.28,29.99,2.72,55,1 month,1 month,In Stock,90 days,13,https://cdn.dummyjson.com/product-images/tops/gray-dress/thumbnail.webp
165,Short Frock,"The Short Frock is a playful and trendy dress with a shorter length. Ideal for casual outings or special occasions, it combines style and comfort for a fashionable look.",NULL,TOP-BRD-SHO-165,Tops,Dresses,24.99,13.45,21.63,3.23,22,1 year,1-2 business days,In Stock,30 days,5,https://cdn.dummyjson.com/product-images/tops/short-frock/thumbnail.webp
166,Tartan Dress,"The Tartan Dress features a classic tartan pattern, bringing a timeless and sophisticated touch to your wardrobe. Perfect for fall and winter, it adds a hint of traditional charm.",NULL,TOP-BRD-TAR-166,Tops,Dresses,39.99,12.95,34.81,4.05,73,1 month,overnight,In Stock,No return,1,https://cdn.dummyjson.com/product-images/tops/tartan-dress/thumbnail.webp
167,300 Touring,"The 300 Touring is a stylish and comfortable sedan, known for its luxurious features and smooth performance.",Chrysler,VEH-CHR-TOU-167,Vehicle,Vehicles,28999.99,3.98,27845.79,4.05,54,3 year,2 weeks,In Stock,30 days,1,https://cdn.dummyjson.com/product-images/vehicle/300-touring/thumbnail.webp
168,Charger SXT RWD,"The Charger SXT RWD is a powerful and sporty rear-wheel-drive sedan, offering a blend of performance and practicality.",Dodge,VEH-DOD-CHA-168,Vehicle,Sports Cars,32999.99,8.23,30284.09,2.58,57,1 month,3-5 business days,In Stock,No return,1,https://cdn.dummyjson.com/product-images/vehicle/charger-sxt-rwd/thumbnail.webp
169,Dodge Hornet GT Plus,"The Dodge Hornet GT Plus is a compact and agile hatchback, perfect for urban driving with a touch of sportiness.",Dodge,VEH-DOD-DOD-169,Vehicle,Compact Cars,24999.99,2.63,24342.49,2.65,82,1 year,1 month,In Stock,60 days,1,https://cdn.dummyjson.com/product-images/vehicle/dodge-hornet-gt-plus/thumbnail.webp
170,Durango SXT RWD,"The Durango SXT RWD is a spacious and versatile SUV, known for its strong performance and family-friendly features.",Dodge,VEH-DOD-DUR-170,Vehicle,Vehicles,36999.99,16.44,30917.19,4.07,95,2 year,1 month,In Stock,30 days,1,https://cdn.dummyjson.com/product-images/vehicle/durango-sxt-rwd/thumbnail.webp
171,Pacifica Touring,"The Pacifica Touring is a stylish and well-equipped minivan, offering comfort and convenience for family journeys.",Chrysler,VEH-CHR-PAC-171,Vehicle,Vehicles,31999.99,14.76,27276.79,3.62,53,1 month,overnight,In Stock,60 days,1,https://cdn.dummyjson.com/product-images/vehicle/pacifica-touring/thumbnail.webp
172,Blue Women's Handbag,"The Blue Women's Handbag is a stylish and spacious accessory for everyday use. With a vibrant blue color and multiple compartments, it combines fashion and functionality.",Fashionista,WOM-FAS-BLU-172,Womens-Bags,Handbags,49.99,17.88,41.05,2.92,76,1 year,1 week,In Stock,7 days,5,https://cdn.dummyjson.com/product-images/womens-bags/blue-women's-handbag/thumbnail.webp
173,Heshe Women's Leather Bag,"The Heshe Women's Leather Bag is a luxurious and high-quality leather bag for the sophisticated woman. With a timeless design and durable craftsmanship, it's a versatile accessory.",Heshe,WOM-HES-HES-173,Womens-Bags,Leather Bags,129.99,3.87,124.96,4.92,99,5 year,overnight,In Stock,90 days,5,https://cdn.dummyjson.com/product-images/womens-bags/heshe-women's-leather-bag/thumbnail.webp
174,Prada Women Bag,"The Prada Women Bag is an iconic designer bag that exudes elegance and luxury. Crafted with precision and featuring the Prada logo, it's a statement piece for fashion enthusiasts.",Prada,WOM-PRA-PRA-174,Womens-Bags,Designer Bags,599.99,14.09,515.45,2.71,75,3 year,1-2 business days,In Stock,60 days,1,https://cdn.dummyjson.com/product-images/womens-bags/prada-women-bag/thumbnail.webp
175,White Faux Leather Backpack,"The White Faux Leather Backpack is a trendy and practical backpack for the modern woman. With a sleek white design and ample storage space, it's perfect for both casual and on-the-go styles.",Urban Chic,WOM-URB-WHI-175,Womens-Bags,Backpacks,39.99,15.2,33.91,3.36,39,2 year,1 week,In Stock,90 days,7,https://cdn.dummyjson.com/product-images/womens-bags/white-faux-leather-backpack/thumbnail.webp
176,Women Handbag Black,"The Women Handbag in Black is a classic and versatile accessory that complements various outfits. With a timeless black color and functional design, it's a must-have in every woman's wardrobe.",Elegance Collection,WOM-ELE-WOM-176,Womens-Bags,Handbags,59.99,11.63,53.01,2.89,11,Lifetime,1 month,In Stock,60 days,9,https://cdn.dummyjson.com/product-images/womens-bags/women-handbag-black/thumbnail.webp
177,Black Women's Gown,"The Black Women's Gown is an elegant and timeless evening gown. With a sleek black design, it's perfect for formal events and special occasions, exuding sophistication and style.",NULL,WOM-BRD-BLA-177,Womens-Dresses,Gowns,129.99,10.48,116.37,3.64,25,Lifetime,1 week,In Stock,No return,5,https://cdn.dummyjson.com/product-images/womens-dresses/black-women's-gown/thumbnail.webp
178,Corset Leather With Skirt,"The Corset Leather With Skirt is a bold and edgy ensemble that combines a stylish corset with a matching skirt. Ideal for fashion-forward individuals, it makes a statement at any event.",NULL,WOM-BRD-COR-178,Womens-Dresses,Corsets,89.99,16.26,75.36,3.05,30,2 year,overnight,In Stock,30 days,3,https://cdn.dummyjson.com/product-images/womens-dresses/corset-leather-with-skirt/thumbnail.webp
179,Corset With Black Skirt,The Corset With Black Skirt is a chic and versatile outfit that pairs a fashionable corset with a classic black skirt. It offers a trendy and coordinated look for various occasions.,NULL,WOM-BRD-COR-179,Womens-Dresses,Corsets,79.99,15.06,67.94,4.52,33,1 month,1 week,In Stock,No return,5,https://cdn.dummyjson.com/product-images/womens-dresses/corset-with-black-skirt/thumbnail.webp
180,Dress Pea,"The Dress Pea is a stylish and comfortable dress with a pea pattern. Perfect for casual outings, it adds a playful and fun element to your wardrobe, making it a great choice for day-to-day wear.",NULL,WOM-BRD-DRE-180,Womens-Dresses,Dresses,49.99,17.68,41.15,4.88,6,2 year,overnight,Low Stock,90 days,6,https://cdn.dummyjson.com/product-images/womens-dresses/dress-pea/thumbnail.webp
181,Marni Red & Black Suit,"The Marni Red & Black Suit is a sophisticated and fashion-forward suit ensemble. With a combination of red and black tones, it showcases a modern design for a bold and confident look.",NULL,WOM-BRD-MAR-181,Womens-Dresses,Suits,179.99,19.02,145.76,4.48,62,5 year,2 weeks,In Stock,90 days,2,https://cdn.dummyjson.com/product-images/womens-dresses/marni-red-&-black-suit/thumbnail.webp
182,Green Crystal Earring,"The Green Crystal Earring is a dazzling accessory that features a vibrant green crystal. With a classic design, it adds a touch of elegance to your ensemble, perfect for formal or special occasions.",NULL,WOM-BRD-GRE-182,Womens-Jewellery,Earrings,29.99,15.24,25.42,3.96,54,5 year,3-5 business days,In Stock,60 days,15,https://cdn.dummyjson.com/product-images/womens-jewellery/green-crystal-earring/thumbnail.webp
183,Green Oval Earring,"The Green Oval Earring is a stylish and versatile accessory with a unique oval shape. Whether for casual or dressy occasions, its green hue and contemporary design make it a standout piece.",NULL,WOM-BRD-GRE-183,Womens-Jewellery,Earrings,24.99,15.18,21.2,3.57,73,3 months,3-5 business days,In Stock,60 days,19,https://cdn.dummyjson.com/product-images/womens-jewellery/green-oval-earring/thumbnail.webp
184,Tropical Earring,"The Tropical Earring is a fun and playful accessory inspired by tropical elements. Featuring vibrant colors and a lively design, it's perfect for adding a touch of summer to your look.",NULL,WOM-BRD-TRO-184,Womens-Jewellery,Earrings,19.99,0.76,19.84,4.4,1,3 year,1-2 business days,Low Stock,7 days,31,https://cdn.dummyjson.com/product-images/womens-jewellery/tropical-earring/thumbnail.webp
185,Black & Brown Slipper,"The Black & Brown Slipper is a comfortable and stylish choice for casual wear. Featuring a blend of black and brown colors, it adds a touch of sophistication to your relaxation.",Comfort Trends,WOM-COM-BLA-185,Womens-Shoes,Slippers,19.99,3.33,19.32,2.53,3,Lifetime,1 month,Low Stock,60 days,47,https://cdn.dummyjson.com/product-images/womens-shoes/black-&-brown-slipper/thumbnail.webp
186,Calvin Klein Heel Shoes,"Calvin Klein Heel Shoes are elegant and sophisticated, designed for formal occasions. With a classic design and high-quality materials, they complement your stylish ensemble.",Calvin Klein,WOM-CAL-CAL-186,Womens-Shoes,Heel Shoes,79.99,3.19,77.44,4.92,93,2 year,1 week,In Stock,60 days,6,https://cdn.dummyjson.com/product-images/womens-shoes/calvin-klein-heel-shoes/thumbnail.webp
187,Golden Shoes Woman,"The Golden Shoes for Women are a glamorous choice for special occasions. Featuring a golden hue and stylish design, they add a touch of luxury to your outfit.",Fashion Diva,WOM-FAS-GOL-187,Womens-Shoes,Women'S Shoes,49.99,13.93,43.03,3.26,88,6 months,2 weeks,In Stock,7 days,7,https://cdn.dummyjson.com/product-images/womens-shoes/golden-shoes-woman/thumbnail.webp
188,Pampi Shoes,"Pampi Shoes offer a blend of comfort and style for everyday use. With a versatile design, they are suitable for various casual occasions, providing a trendy and relaxed look.",Pampi,WOM-PAM-PAM-188,Womens-Shoes,Casual Shoes,29.99,14.14,25.75,3.05,49,No,1 week,In Stock,60 days,12,https://cdn.dummyjson.com/product-images/womens-shoes/pampi-shoes/thumbnail.webp
189,Red Shoes,"The Red Shoes make a bold statement with their vibrant red color. Whether for a party or a casual outing, these shoes add a pop of color and style to your wardrobe.",Fashion Express,WOM-FAS-SHO-189,Womens-Shoes,Women'S Shoes,34.99,17.69,28.8,3.25,7,No,1 month,Low Stock,60 days,8,https://cdn.dummyjson.com/product-images/womens-shoes/red-shoes/thumbnail.webp
190,IWC Ingenieur Automatic Steel,"The IWC Ingenieur Automatic Steel watch is a durable and sophisticated timepiece. With a stainless steel case and automatic movement, it combines precision and style for watch enthusiasts.",IWC,WOM-IWC-ING-190,Womens-Watches,Luxury Watches,4999.99,9.45,4527.49,2.93,90,1 year,overnight,In Stock,No return,1,https://cdn.dummyjson.com/product-images/womens-watches/iwc-ingenieur-automatic-steel/thumbnail.webp
191,Rolex Cellini Moonphase,"The Rolex Cellini Moonphase watch is a masterpiece of horology. Featuring a moon phase complication, it showcases the craftsmanship and elegance that Rolex is renowned for.",Rolex,WOM-ROL-ROL-191,Womens-Watches,Luxury Watches,15999.99,4.11,15342.39,3.83,52,1 month,1 week,In Stock,30 days,1,https://cdn.dummyjson.com/product-images/womens-watches/rolex-cellini-moonphase/thumbnail.webp
192,Rolex Datejust Women,"The Rolex Datejust Women's watch is an iconic timepiece designed for women. With a timeless design and a date complication, it offers both elegance and functionality.",Rolex,WOM-ROL-ROL-192,Womens-Watches,Luxury Watches,10999.99,15.94,9246.59,2.86,4,5 year,2 weeks,Low Stock,No return,1,https://cdn.dummyjson.com/product-images/womens-watches/rolex-datejust-women/thumbnail.webp
193,Watch Gold for Women,"The Gold Women's Watch is a stunning accessory that combines luxury and style. Featuring a gold-plated case and a chic design, it adds a touch of glamour to any outfit.",Fashion Gold,WOM-FAS-WAT-193,Womens-Watches,Women'S Watches,799.99,18.34,653.27,4.24,0,2 year,1-2 business days,Out of Stock,60 days,1,https://cdn.dummyjson.com/product-images/womens-watches/watch-gold-for-women/thumbnail.webp
194,Women's Wrist Watch,"The Women's Wrist Watch is a versatile and fashionable timepiece for everyday wear. With a comfortable strap and a simple yet elegant design, it complements various styles.",Fashion Co.,WOM-FAS-WOM-194,Womens-Watches,Women'S Watches,129.99,12.6,113.61,3.52,12,1 year,2 weeks,In Stock,No return,5,https://cdn.dummyjson.com/product-images/womens-watches/women's-wrist-watch/thumbnail.webp
