customer_id,first_name,last_name,maiden_name,age,gender,email,phone,birthdate,profession,city,state,state_code,country
1,Emily,Johnson,Smith,29,Female,emily.johnson@x.dummyjson.com,+81 965-431-3024,5/30/1996,Sales Manager,Phoenix,Arizona,AZ,United States
2,Michael,Williams,,35,Male,michael.williams@x.dummyjson.com,+49 258-627-6644,8/10/1989,Support Specialist,Houston,Texas,TX,United States
3,Sophia,Brown,,42,Female,sophia.brown@x.dummyjson.com,+81 210-652-2785,11/6/1982,Accountant,Washington,District of Columbia,DC,United States
4,James,Davis,,46,Male,james.davis@x.dummyjson.com,+49 614-958-9364,5/4/1979,Research Analyst,Seattle,Washington,WA,United States
5,Emma,Miller,Johnson,31,Female,emma.miller@x.dummyjson.com,+91 759-776-1614,6/13/1994,Quality Assurance Engineer,Jacksonville,Florida,FL,United States
6,Olivia,Wilson,,23,Female,olivia.wilson@x.dummyjson.com,+91 607-295-6448,4/20/2002,Research Analyst,Fort Worth,Texas,TX,United States
7,Alexander,Jones,,38,Male,alexander.jones@x.dummyjson.com,+61 260-824-4986,10/20/1986,Web Developer,Indianapolis,Indiana,IN,United States
8,Ava,Taylor,,27,Female,ava.taylor@x.dummyjson.com,+1 458-853-7877,8/25/1997,Chief Executive Officer,Fort Worth,Texas,TX,United States
9,Ethan,Martinez,,34,Male,ethan.martinez@x.dummyjson.com,+92 933-608-5081,2/12/1991,Legal Counsel,San Antonio,Texas,TX,United States
10,Isabella,Anderson,Davis,32,Female,isabella.anderson@x.dummyjson.com,+49 770-658-4885,6/10/1993,Chief Financial Officer,New York,New York,NY,United States
11,Liam,Garcia,,30,Male,liam.garcia@x.dummyjson.com,+92 870-217-6201,6/6/1995,Web Developer,Denver,Colorado,CO,United States
12,Mia,Rodriguez,,24,Female,mia.rodriguez@x.dummyjson.com,+49 989-461-8403,8/4/2000,Business Analyst,Jacksonville,Florida,FL,United States
13,Noah,Hernandez,,41,Male,noah.hernandez@x.dummyjson.com,+49 393-605-6968,6/5/1984,Database Administrator,New York,New York,NY,United States
14,Charlotte,Lopez,Martinez,37,Female,charlotte.lopez@x.dummyjson.com,+44 373-953-5028,6/8/1988,Chief Executive Officer,Columbus,Ohio,OH,United States
15,William,Gonzalez,,33,Male,william.gonzalez@x.dummyjson.com,+81 905-252-7319,3/27/1992,Software Architect,San Jose,California,CA,United States
16,Avery,Perez,,26,Female,avery.perez@x.dummyjson.com,+61 731-431-3457,3/10/1999,Database Administrator,Columbus,Ohio,OH,United States
17,Evelyn,Sanchez,,37,Female,evelyn.sanchez@x.dummyjson.com,+1 623-880-6871,10/13/1987,Chief Financial Officer,San Diego,California,CA,United States
18,Logan,Torres,,31,Male,logan.torres@x.dummyjson.com,+81 507-434-8733,10/26/1993,Data Analyst,Columbus,Ohio,OH,United States
19,Abigail,Rivera,,28,Female,abigail.rivera@x.dummyjson.com,+91 228-363-7806,10/11/1996,Business Analyst,Chicago,Illinois,IL,United States
20,Jackson,Evans,,34,Male,jackson.evans@x.dummyjson.com,+44 468-628-6686,11/30/1990,Web Developer,New York,New York,NY,United States
21,Madison,Collins,,27,Female,madison.collins@x.dummyjson.com,+81 259-957-5711,3/7/1998,Chief Technology Officer,Philadelphia,Pennsylvania,PA,United States
22,Elijah,Stewart,,33,Male,elijah.stewart@x.dummyjson.com,+44 468-357-7872,10/22/1991,Business Analyst,Columbus,Ohio,OH,United States
23,Chloe,Morales,,40,Female,chloe.morales@x.dummyjson.com,+92 468-541-7133,4/21/1985,Database Administrator,Dallas,Texas,TX,United States
24,Mateo,Nguyen,,31,Male,mateo.nguyen@x.dummyjson.com,+1 341-597-6694,6/2/1994,Business Analyst,Columbus,Ohio,OH,United States
25,Harper,Kelly,Evans,28,Female,harper.kelly@x.dummyjson.com,+92 518-863-2863,3/3/1997,Business Development Manager,Philadelphia,Pennsylvania,PA,United States
26,Evelyn,Gonzalez,,36,Female,evelyn.gonzalez@x.dummyjson.com,+61 708-508-4638,2/5/1989,Project Manager,Dallas,Texas,TX,United States
27,Daniel,Cook,,41,Male,daniel.cook@x.dummyjson.com,+44 254-761-6843,12/25/1983,Legal Counsel,Los Angeles,California,CA,United States
28,Lily,Lee,Brown,29,Female,lily.lee@x.dummyjson.com,+1 808-757-9867,12/3/1995,Quality Assurance Engineer,Phoenix,Arizona,AZ,United States
29,Henry,Hill,,38,Male,henry.hill@x.dummyjson.com,+1 240-833-4680,8/19/1986,Sales Manager,Indianapolis,Indiana,IN,United States
30,Addison,Wright,,33,Female,addison.wright@x.dummyjson.com,+1 514-384-3300,1/3/1992,Human Resources Manager,San Francisco,California,CA,United States
31,Gabriel,Adams,,36,Male,gabriel.adams@x.dummyjson.com,+91 936-400-4116,9/5/1988,Technical Support Engineer,Charlotte,North Carolina,NC,United States
32,Natalie,Harris,,28,Female,natalie.harris@x.dummyjson.com,+49 584-501-9302,7/23/1996,Accountant,San Jose,California,CA,United States
33,Carter,Baker,,32,Male,carter.baker@x.dummyjson.com,+49 787-512-9117,4/19/1993,Software Engineer,Denver,Colorado,CO,United States
34,Sofia,Mitchell,,25,Female,sofia.mitchell@x.dummyjson.com,+92 957-686-6804,11/18/1999,Engineer,San Francisco,California,CA,United States
35,Jack,Ward,,29,Male,jack.ward@x.dummyjson.com,+91 857-765-4373,9/23/1995,Chief Information Officer,Phoenix,Arizona,AZ,United States
36,Harper,Turner,,34,Female,harper.turner@x.dummyjson.com,+49 980-340-5333,1/14/1991,Marketing Manager,Dallas,Texas,TX,United States
37,Mason,Parker,,35,Male,mason.parker@x.dummyjson.com,+61 837-389-4095,4/20/1990,Developer,Seattle,Washington,WA,United States
38,Aria,Roberts,,27,Female,aria.roberts@x.dummyjson.com,+61 411-514-5320,3/25/1998,Database Administrator,Seattle,Washington,WA,United States
39,Lucas,Gray,,31,Male,lucas.gray@x.dummyjson.com,+44 687-435-7119,4/6/1994,Chief Operating Officer,Houston,Texas,TX,United States
40,Ella,Adams,,28,Female,ella.adams@x.dummyjson.com,+1 450-865-6061,6/20/1997,Chief Technology Officer,Washington,District of Columbia,DC,United States
41,Evan,Reed,,33,Male,evan.reed@x.dummyjson.com,+61 932-569-4853,6/16/1992,Business Analyst,San Antonio,Texas,TX,United States
42,Avery,Carter,,28,Female,avery.carter@x.dummyjson.com,+44 254-655-6112,8/21/1996,Sales Manager,San Diego,California,CA,United States
43,Benjamin,Foster,,34,Male,benjamin.foster@x.dummyjson.com,+61 333-911-3476,11/1/1990,Technical Support Engineer,San Diego,California,CA,United States
44,Scarlett,Wright,,27,Female,scarlett.wright@x.dummyjson.com,+1 599-432-3048,5/9/1998,Chief Financial Officer,Phoenix,Arizona,AZ,United States
45,Lincoln,Kelly,,31,Male,lincoln.kelly@x.dummyjson.com,+49 680-666-9673,1/12/1994,Legal Counsel,Columbus,Ohio,OH,United States
46,Hannah,Robinson,,30,Female,hannah.robinson@x.dummyjson.com,+92 556-625-4398,2/2/1995,Technical Support Engineer,Phoenix,Arizona,AZ,United States
47,Nicholas,Bailey,,36,Male,nicholas.bailey@x.dummyjson.com,+49 212-856-4272,6/14/1989,Chief Financial Officer,Chicago,Illinois,IL,United States
48,Luna,Russell,,28,Female,luna.russell@x.dummyjson.com,+91 730-486-3735,6/18/1997,Research Analyst,San Diego,California,CA,United States
49,Jacob,Cooper,,31,Male,jacob.cooper@x.dummyjson.com,+91 322-775-7582,12/21/1993,Chief Executive Officer,Columbus,Ohio,OH,United States
50,Stella,Hughes,,33,Female,stella.hughes@x.dummyjson.com,+92 378-326-3439,11/6/1991,Database Administrator,Jacksonville,Florida,FL,United States
51,Eli,Bennett,,29,Male,eli.bennett@x.dummyjson.com,+1 465-379-7226,9/17/1995,Chief Operating Officer,Jacksonville,Florida,FL,United States
52,Grace,Perry,,26,Female,grace.perry@x.dummyjson.com,+49 550-430-8269,12/23/1998,Database Administrator,Seattle,Washington,WA,United States
53,Lucas,Gordon,,35,Male,lucas.gordon@x.dummyjson.com,+81 367-320-4960,9/11/1989,Project Manager,Los Angeles,California,CA,United States
54,Ava,Harrison,,29,Female,ava.harrison@x.dummyjson.com,+44 926-778-4653,4/22/1996,Legal Counsel,San Antonio,Texas,TX,United States
55,Owen,Fisher,,32,Male,owen.fisher@x.dummyjson.com,+49 328-635-8057,6/26/1993,Chief Financial Officer,Chicago,Illinois,IL,United States
56,Samantha,Howard,,31,Female,samantha.howard@x.dummyjson.com,+91 458-289-9756,6/17/1994,Sales Manager,Austin,Texas,TX,United States
57,Nathan,Dixon,,34,Male,nathan.dixon@x.dummyjson.com,+44 540-488-4436,11/10/1990,Engineer,Columbus,Ohio,OH,United States
58,Bella,Grant,,28,Female,bella.grant@x.dummyjson.com,+92 896-206-1901,3/15/1997,Project Manager,Dallas,Texas,TX,United States
59,Ethan,Fletcher,,34,Male,ethan.fletcher@x.dummyjson.com,+1 251-564-2643,5/1/1991,Data Scientist,Dallas,Texas,TX,United States
60,Lillian,Simmons,,33,Female,lillian.simmons@x.dummyjson.com,+61 857-625-2029,3/9/1992,Legal Counsel,Phoenix,Arizona,AZ,United States
61,Mason,Pearson,,29,Male,mason.pearson@x.dummyjson.com,+1 394-401-1757,5/9/1996,Developer,Phoenix,Arizona,AZ,United States
62,Leah,Henderson,,26,Female,leah.henderson@x.dummyjson.com,+91 453-220-4258,8/19/1998,Web Developer,Austin,Texas,TX,United States
63,Logan,Lawson,,33,Male,logan.lawson@x.dummyjson.com,+1 750-526-9455,8/5/1991,Chief Technology Officer,Chicago,Illinois,IL,United States
64,Avery,Barnes,,30,Female,avery.barnes@x.dummyjson.com,+91 207-801-7417,2/5/1995,Data Scientist,Philadelphia,Pennsylvania,PA,United States
65,Caleb,Perkins,,30,Male,caleb.perkins@x.dummyjson.com,+81 351-413-9369,7/28/1994,Chief Financial Officer,Los Angeles,California,CA,United States
66,Aria,Ferguson,,28,Female,aria.ferguson@x.dummyjson.com,+44 434-406-8551,6/1/1997,Project Manager,San Diego,California,CA,United States
67,Gabriel,Hayes,,35,Male,gabriel.hayes@x.dummyjson.com,+61 386-511-8949,4/8/1990,Technical Support Engineer,San Jose,California,CA,United States
68,Layla,Sullivan,,25,Female,layla.sullivan@x.dummyjson.com,+92 657-388-7474,10/3/1999,Chief Technology Officer,Denver,Colorado,CO,United States
69,Christopher,West,,31,Male,christopher.west@x.dummyjson.com,+49 968-571-2475,11/16/1993,Database Administrator,Denver,Colorado,CO,United States
70,Zoe,Nicholson,,32,Female,zoe.nicholson@x.dummyjson.com,+49 638-976-6904,12/24/1992,Research Analyst,Jacksonville,Florida,FL,United States
71,Nolan,Bryant,,29,Male,nolan.bryant@x.dummyjson.com,+44 618-916-5243,12/7/1995,Project Manager,Jacksonville,Florida,FL,United States
72,Victoria,McDonald,,27,Female,victoria.mcdonald@x.dummyjson.com,+91 624-944-2089,9/16/1997,Support Specialist,Austin,Texas,TX,United States
73,Max,Russell,,35,Male,max.russell@x.dummyjson.com,+44 663-850-4302,4/19/1990,Product Manager,Chicago,Illinois,IL,United States
74,Penelope,Harper,,28,Female,penelope.harper@x.dummyjson.com,+44 907-679-1302,9/14/1996,Engineer,Charlotte,North Carolina,NC,United States
75,Ryan,Graham,,31,Male,ryan.graham@x.dummyjson.com,+92 260-518-7256,10/2/1993,Chief Executive Officer,San Antonio,Texas,TX,United States
76,Madeline,Simpson,,26,Female,madeline.simpson@x.dummyjson.com,+44 371-964-4017,12/1/1998,Web Developer,Los Angeles,California,CA,United States
77,Jonathan,Pierce,,33,Male,jonathan.pierce@x.dummyjson.com,+61 456-307-5568,9/25/1991,Business Analyst,San Diego,California,CA,United States
78,Eleanor,Tyler,,30,Female,eleanor.tyler@x.dummyjson.com,+1 232-621-9938,10/26/1994,Web Developer,San Antonio,Texas,TX,United States
79,Isaac,Lawrence,,33,Male,isaac.lawrence@x.dummyjson.com,+81 693-260-7234,1/6/1992,Chief Financial Officer,Austin,Texas,TX,United States
80,Hazel,Gardner,,27,Female,hazel.gardner@x.dummyjson.com,+91 688-478-9459,9/18/1997,Systems Analyst,New York,New York,NY,United States
81,Austin,Hudson,,30,Male,austin.hudson@x.dummyjson.com,+81 405-412-4250,5/1/1995,Legal Counsel,Los Angeles,California,CA,United States
82,Lillian,Bishop,,26,Female,lillian.bishop@x.dummyjson.com,+92 538-589-5885,8/2/1998,Research Analyst,Jacksonville,Florida,FL,United States
83,Dylan,Wells,,34,Male,dylan.wells@x.dummyjson.com,+49 659-638-1106,11/7/1990,Support Specialist,Philadelphia,Pennsylvania,PA,United States
84,Aaliyah,Hanson,,29,Female,aaliyah.hanson@x.dummyjson.com,+1 275-501-1119,3/20/1996,Quality Assurance Engineer,Philadelphia,Pennsylvania,PA,United States
85,Cameron,Burke,,32,Male,cameron.burke@x.dummyjson.com,+1 976-686-7996,2/28/1993,Business Analyst,Denver,Colorado,CO,United States
86,Nora,Mills,,26,Female,nora.mills@x.dummyjson.com,+44 767-262-6860,9/18/1998,Chief Information Officer,San Jose,California,CA,United States
87,Hunter,Gordon,,34,Male,hunter.gordon@x.dummyjson.com,+1 986-988-5297,2/8/1991,Chief Information Officer,Charlotte,North Carolina,NC,United States
88,Aubrey,Wagner,,31,Female,aubrey.wagner@x.dummyjson.com,+81 285-568-5834,4/1/1994,Engineer,Phoenix,Arizona,AZ,United States
89,Brayden,Fleming,,33,Male,brayden.fleming@x.dummyjson.com,+1 404-382-1778,7/20/1992,Chief Technology Officer,Jacksonville,Florida,FL,United States
90,Scarlett,Bowman,,28,Female,scarlett.bowman@x.dummyjson.com,+44 928-549-7517,2/26/1997,Software Engineer,New York,New York,NY,United States
91,Levi,Hicks,,30,Male,levi.hicks@x.dummyjson.com,+92 931-753-3850,5/19/1995,Software Architect,Phoenix,Arizona,AZ,United States
92,Autumn,Gomez,,27,Female,autumn.gomez@x.dummyjson.com,+1 340-455-2897,2/1/1998,Business Analyst,Dallas,Texas,TX,United States
93,Julian,Newton,,35,Male,julian.newton@x.dummyjson.com,+92 865-328-8737,7/2/1990,Research Analyst,Fort Worth,Texas,TX,United States
94,Ruby,Andrews,,29,Female,ruby.andrews@x.dummyjson.com,+1 343-203-7912,7/7/1996,Human Resources Manager,Dallas,Texas,TX,United States
95,Miles,Stevenson,,32,Male,miles.stevenson@x.dummyjson.com,+49 708-659-4394,3/1/1993,Developer,Charlotte,North Carolina,NC,United States
96,Aurora,Lawson,,27,Female,aurora.lawson@x.dummyjson.com,+92 802-452-4192,6/16/1998,Chief Information Officer,Dallas,Texas,TX,United States
97,Oscar,Powers,,33,Male,oscar.powers@x.dummyjson.com,+61 929-572-1408,9/7/1991,Support Specialist,Charlotte,North Carolina,NC,United States
98,Clara,Berry,,31,Female,clara.berry@x.dummyjson.com,+1 390-831-5172,2/13/1994,Accountant,Seattle,Washington,WA,United States
99,Gavin,Stanley,,33,Male,gavin.stanley@x.dummyjson.com,+44 466-358-6026,3/17/1992,Support Specialist,Houston,Texas,TX,United States
100,Lila,Hudson,,27,Female,lila.hudson@x.dummyjson.com,+91 697-236-1544,9/1/1997,Sales Manager,Chicago,Illinois,IL,United States
101,Alice,Smith,Johnson,28,Female,alice.smith@x.dummyjson.com,+61 611-556-8989,9/8/1996,Product Manager,Houston,Texas,TX,United States
102,John,Doe,,36,Male,john.doe@x.dummyjson.com,+44 242-757-6754,2/20/1989,Business Analyst,Fort Worth,Texas,TX,United States
103,Emily,Brown,Taylor,42,Female,emily.brown@x.dummyjson.com,+61 875-999-8871,12/5/1982,Data Analyst,Houston,Texas,TX,United States
104,Michael,Johnson,,25,Male,michael.johnson@x.dummyjson.com,+92 290-825-4767,1/6/2000,Systems Analyst,Phoenix,Arizona,AZ,United States
105,Emma,Wilson,Clark,32,Female,emma.wilson@x.dummyjson.com,+49 933-975-3236,6/2/1993,Software Engineer,New York,New York,NY,United States
106,David,Martinez,,40,Male,david.martinez@x.dummyjson.com,+1 846-350-3024,6/11/1985,Chief Operating Officer,Seattle,Washington,WA,United States
107,Olivia,Anderson,Harris,30,Female,olivia.anderson@x.dummyjson.com,+44 952-688-2836,6/23/1995,Engineer,Houston,Texas,TX,United States
108,James,Garcia,,45,Male,james.garcia@x.dummyjson.com,+1 958-844-1106,11/29/1979,Systems Analyst,Washington,District of Columbia,DC,United States
109,Sophia,Jones,Moore,34,Female,sophia.jones@x.dummyjson.com,+92 230-523-9981,5/21/1991,Developer,Phoenix,Arizona,AZ,United States
110,Daniel,Taylor,,27,Male,daniel.taylor@x.dummyjson.com,+92 944-656-6731,12/21/1997,Legal Counsel,San Francisco,California,CA,United States
111,Isabella,Jackson,White,36,Female,isabella.jackson@x.dummyjson.com,+44 398-882-4460,12/26/1988,Support Specialist,Charlotte,North Carolina,NC,United States
112,Alexander,Hernandez,,42,Male,alexander.hernandez@x.dummyjson.com,+49 410-245-8608,7/4/1983,Chief Technology Officer,Dallas,Texas,TX,United States
113,Mia,Miller,Martin,26,Female,mia.miller@x.dummyjson.com,+1 484-466-3879,7/10/1999,Chief Technology Officer,Denver,Colorado,CO,United States
114,Ethan,Thompson,,33,Male,ethan.thompson@x.dummyjson.com,+1 872-403-3499,1/10/1992,Systems Analyst,Dallas,Texas,TX,United States
115,Charlotte,Davis,Brown,39,Female,charlotte.davis@x.dummyjson.com,+91 908-214-6224,1/18/1986,Quality Assurance Engineer,Fort Worth,Texas,TX,United States
116,William,Lopez,,26,Male,william.lopez@x.dummyjson.com,+49 254-368-2317,11/1/1998,Quality Assurance Engineer,Washington,District of Columbia,DC,United States
117,Amelia,Perez,Gonzalez,44,Female,amelia.perez@x.dummyjson.com,+49 751-988-9521,1/29/1981,Chief Executive Officer,New York,New York,NY,United States
118,Benjamin,Wilson,,31,Male,benjamin.wilson@x.dummyjson.com,+91 482-329-9835,3/11/1994,Developer,Philadelphia,Pennsylvania,PA,United States
119,Liam,Gonzalez,Rodriguez,34,Male,liam.gonzalez@x.dummyjson.com,+1 803-794-6247,9/14/1990,Business Analyst,Columbus,Ohio,OH,United States
120,Evelyn,Walker,Flores,37,Female,evelyn.walker@x.dummyjson.com,+44 478-401-7533,8/24/1987,Developer,Phoenix,Arizona,AZ,United States
121,Ava,Harris,,29,Female,ava.harris@x.dummyjson.com,+44 422-227-6412,8/26/1995,Engineer,San Antonio,Texas,TX,United States
122,Liam,Smith,Thomas,44,Male,liam.smith@x.dummyjson.com,+44 293-526-4966,11/24/1980,Business Analyst,Jacksonville,Florida,FL,United States
123,Harper,King,Baker,24,Female,harper.king@x.dummyjson.com,+92 865-719-5676,6/17/2001,Chief Information Officer,Phoenix,Arizona,AZ,United States
124,Noah,Lewis,,40,Male,noah.lewis@x.dummyjson.com,+61 396-867-4229,6/9/1985,Project Manager,Denver,Colorado,CO,United States
125,Logan,Lee,,45,Male,logan.lee@x.dummyjson.com,+92 231-690-1885,10/18/1979,Sales Manager,Los Angeles,California,CA,United States
126,Avery,Scott,Adams,27,Female,avery.scott@x.dummyjson.com,+91 965-669-9087,10/13/1997,Database Administrator,New York,New York,NY,United States
127,Mason,Wright,,41,Male,mason.wright@x.dummyjson.com,+61 251-806-5947,5/17/1984,Software Architect,Indianapolis,Indiana,IN,United States
128,Grace,Green,Evans,36,Female,grace.green@x.dummyjson.com,+91 339-788-2388,2/4/1989,Technical Support Engineer,Los Angeles,California,CA,United States
129,Lucas,Allen,,26,Male,lucas.allen@x.dummyjson.com,+61 831-566-3134,11/1/1998,Software Architect,Jacksonville,Florida,FL,United States
130,Chloe,Roberts,Price,42,Female,chloe.roberts@x.dummyjson.com,+44 900-399-5847,4/8/1983,Marketing Manager,San Jose,California,CA,United States
131,Jackson,Morales,,33,Male,jackson.morales@x.dummyjson.com,+1 685-561-9154,9/18/1991,Legal Counsel,Austin,Texas,TX,United States
132,Zoe,Bennett,Carter,29,Female,zoe.bennett@x.dummyjson.com,+44 944-423-6651,5/11/1996,Systems Analyst,San Jose,California,CA,United States
133,Carter,Rivera,,38,Male,carter.rivera@x.dummyjson.com,+92 500-957-1453,1/19/1987,Systems Analyst,Phoenix,Arizona,AZ,United States
134,Nora,Russell,Morgan,25,Female,nora.russell@x.dummyjson.com,+81 415-979-9594,3/30/2000,Developer,Charlotte,North Carolina,NC,United States
135,Elijah,Cruz,,30,Male,elijah.cruz@x.dummyjson.com,+1 613-532-2557,1/23/1995,Marketing Manager,Seattle,Washington,WA,United States
136,Madison,Stewart,Kelly,37,Female,madison.stewart@x.dummyjson.com,+61 455-829-5048,5/15/1988,Data Scientist,Indianapolis,Indiana,IN,United States
137,Gabriel,Bailey,,42,Male,gabriel.bailey@x.dummyjson.com,+91 970-512-5684,11/22/1982,Research Analyst,Philadelphia,Pennsylvania,PA,United States
138,Lily,Torres,Lopez,31,Female,lily.torres@x.dummyjson.com,+91 610-954-3059,8/22/1993,Data Scientist,Chicago,Illinois,IL,United States
139,Elijah,Hill,,26,Male,elijah.hill@x.dummyjson.com,+91 906-692-9655,8/25/1998,Quality Assurance Engineer,Los Angeles,California,CA,United States
140,Hannah,Howard,Graham,35,Female,hannah.howard@x.dummyjson.com,+1 884-326-8478,10/15/1989,Human Resources Manager,Indianapolis,Indiana,IN,United States
141,Owen,Sullivan,,44,Male,owen.sullivan@x.dummyjson.com,+91 438-781-6749,1/2/1981,Support Specialist,Charlotte,North Carolina,NC,United States
142,Aria,Parker,Miller,28,Female,aria.parker@x.dummyjson.com,+91 762-847-6884,7/6/1997,Software Architect,Phoenix,Arizona,AZ,United States
143,Grayson,Coleman,,30,Male,grayson.coleman@x.dummyjson.com,+61 238-607-2286,12/15/1994,Human Resources Manager,San Francisco,California,CA,United States
144,Ella,Cook,Robinson,38,Female,ella.cook@x.dummyjson.com,+91 736-763-5452,10/28/1986,Software Architect,Fort Worth,Texas,TX,United States
145,Luke,Cooper,,26,Male,luke.cooper@x.dummyjson.com,+61 347-869-6758,4/20/1999,Chief Information Officer,San Antonio,Texas,TX,United States
146,Leah,Hughes,Perez,33,Female,leah.hughes@x.dummyjson.com,+1 935-838-3386,6/2/1992,Data Analyst,Indianapolis,Indiana,IN,United States
147,Henry,Turner,,45,Male,henry.turner@x.dummyjson.com,+1 374-470-5082,6/12/1980,Technical Support Engineer,Philadelphia,Pennsylvania,PA,United States
148,Aurora,Barnes,Gomez,29,Female,aurora.barnes@x.dummyjson.com,+91 403-842-9683,12/15/1995,Chief Financial Officer,New York,New York,NY,United States
149,Wyatt,Perry,,35,Male,wyatt.perry@x.dummyjson.com,+81 370-801-1294,5/23/1990,Project Manager,Charlotte,North Carolina,NC,United States
150,Stella,Morris,Sanchez,40,Female,stella.morris@x.dummyjson.com,+1 202-954-5884,3/15/1985,Product Manager,San Diego,California,CA,United States
151,Nathan,Reed,,28,Male,nathan.reed@x.dummyjson.com,+1 448-642-4577,12/26/1996,Chief Operating Officer,Los Angeles,California,CA,United States
152,Paisley,Bell,Flores,44,Female,paisley.bell@x.dummyjson.com,+81 744-537-2238,5/10/1981,Chief Executive Officer,San Diego,California,CA,United States
153,Christian,Perez,,31,Male,christian.perez@x.dummyjson.com,+91 223-371-4471,7/24/1993,Business Analyst,Chicago,Illinois,IL,United States
154,Bella,Gonzalez,Adams,27,Female,bella.gonzalez@x.dummyjson.com,+81 213-723-5694,6/17/1998,Chief Operating Officer,Jacksonville,Florida,FL,United States
155,Nicholas,Edwards,,42,Male,nicholas.edwards@x.dummyjson.com,+44 983-891-6014,1/13/1983,Legal Counsel,Chicago,Illinois,IL,United States
156,Mila,Hernandez,Mitchell,33,Female,mila.hernandez@x.dummyjson.com,+49 893-855-2896,8/18/1991,Software Architect,Seattle,Washington,WA,United States
157,Aaron,Cook,,28,Male,aaron.cook@x.dummyjson.com,+81 362-539-6973,1/26/1997,Support Specialist,Phoenix,Arizona,AZ,United States
158,Aubrey,Gutierrez,Baker,37,Female,aubrey.gutierrez@x.dummyjson.com,+92 881-268-9845,2/19/1988,Developer,Philadelphia,Pennsylvania,PA,United States
159,Eli,Ward,,31,Male,eli.ward@x.dummyjson.com,+92 770-978-9439,4/24/1994,Software Architect,Columbus,Ohio,OH,United States
160,Claire,Foster,Stewart,30,Female,claire.foster@x.dummyjson.com,+81 570-848-1400,2/24/1995,Chief Financial Officer,San Jose,California,CA,United States
161,James,Gonzales,,44,Male,james.gonzales@x.dummyjson.com,+92 970-896-7544,9/5/1980,Project Manager,Seattle,Washington,WA,United States
162,Mateo,Bennett,,28,Male,mateo.bennett@x.dummyjson.com,+91 232-996-1168,8/8/1996,Chief Executive Officer,Jacksonville,Florida,FL,United States
163,Julian,James,,24,Male,julian.james@x.dummyjson.com,+92 871-230-2864,8/15/2000,Project Manager,Charlotte,North Carolina,NC,United States
164,Addison,Ward,Foster,29,Female,addison.ward@x.dummyjson.com,+1 248-875-1802,8/23/1995,Product Manager,San Francisco,California,CA,United States
165,Leo,Rivera,,36,Male,leo.rivera@x.dummyjson.com,+44 625-386-6730,7/29/1988,Chief Financial Officer,Fort Worth,Texas,TX,United States
166,Elena,Long,Mitchell,43,Female,elena.long@x.dummyjson.com,+91 697-839-3216,4/4/1982,Database Administrator,San Jose,California,CA,United States
167,Evan,Wright,,32,Male,evan.wright@x.dummyjson.com,+92 329-343-8617,6/24/1993,Web Developer,San Jose,California,CA,United States
168,Luna,Perez,Hernandez,26,Female,luna.perez@x.dummyjson.com,+92 202-261-2116,10/8/1998,Engineer,San Diego,California,CA,United States
169,Jaxon,Barnes,,42,Male,jaxon.barnes@x.dummyjson.com,+92 263-713-5362,7/16/1983,Chief Technology Officer,Indianapolis,Indiana,IN,United States
170,Penelope,King,Taylor,34,Female,penelope.king@x.dummyjson.com,+44 802-959-3104,1/27/1991,Web Developer,Los Angeles,California,CA,United States
171,Connor,Baker,,28,Male,connor.baker@x.dummyjson.com,+49 638-260-8907,2/2/1997,Web Developer,Indianapolis,Indiana,IN,United States
172,Ariana,Ross,Ward,36,Female,ariana.ross@x.dummyjson.com,+61 393-553-7155,9/26/1988,Engineer,Chicago,Illinois,IL,United States
173,Asher,Scott,,30,Male,asher.scott@x.dummyjson.com,+81 469-421-7639,8/18/1994,Sales Manager,Dallas,Texas,TX,United States
174,Sadie,Morales,Perez,30,Female,sadie.morales@x.dummyjson.com,+61 203-600-1121,2/9/1995,Database Administrator,Seattle,Washington,WA,United States
175,Gabriel,Mitchell,,44,Male,gabriel.mitchell@x.dummyjson.com,+81 861-548-2844,8/18/1980,Project Manager,Charlotte,North Carolina,NC,United States
176,Aaliyah,Martinez,Adams,29,Female,aaliyah.martinez@x.dummyjson.com,+91 862-924-5336,2/2/1996,Web Developer,New York,New York,NY,United States
177,Xavier,Wright,,38,Male,xavier.wright@x.dummyjson.com,+91 561-239-9006,1/11/1987,Marketing Manager,Jacksonville,Florida,FL,United States
178,Savannah,Gomez,Evans,26,Female,savannah.gomez@x.dummyjson.com,+92 242-841-6772,2/16/1999,Quality Assurance Engineer,Austin,Texas,TX,United States
179,Tyler,Davis,,43,Male,tyler.davis@x.dummyjson.com,+92 633-378-5551,5/21/1982,Support Specialist,Columbus,Ohio,OH,United States
180,Aurora,Rodriguez,Nelson,31,Female,aurora.rodriguez@x.dummyjson.com,+61 393-225-2755,11/23/1993,Software Engineer,Chicago,Illinois,IL,United States
181,Brandon,Collins,,27,Male,brandon.collins@x.dummyjson.com,+91 994-732-2700,1/19/1998,Legal Counsel,Dallas,Texas,TX,United States
182,Ellie,Stewart,Hill,41,Female,ellie.stewart@x.dummyjson.com,+1 901-445-7668,11/2/1983,Chief Executive Officer,Philadelphia,Pennsylvania,PA,United States
183,Cameron,Perez,,33,Male,cameron.perez@x.dummyjson.com,+91 275-868-7103,9/2/1991,Software Architect,San Jose,California,CA,United States
184,Natalie,Price,Hernandez,28,Female,natalie.price@x.dummyjson.com,+91 273-928-7633,10/9/1996,Chief Executive Officer,Washington,District of Columbia,DC,United States
185,Henry,Adams,,45,Male,henry.adams@x.dummyjson.com,+61 715-487-1979,7/14/1980,Developer,Dallas,Texas,TX,United States
186,Harper,Garcia,Bell,30,Female,harper.garcia@x.dummyjson.com,+92 230-235-4683,5/5/1995,Project Manager,Los Angeles,California,CA,United States
187,Zachary,Lee,,36,Male,zachary.lee@x.dummyjson.com,+61 382-295-6973,12/26/1988,Accountant,Dallas,Texas,TX,United States
188,Aria,Flores,Martin,25,Female,aria.flores@x.dummyjson.com,+61 415-771-8232,11/8/1999,Sales Manager,Indianapolis,Indiana,IN,United States
189,Tristan,Scott,,30,Male,tristan.scott@x.dummyjson.com,+44 401-329-9855,12/2/1994,Legal Counsel,San Diego,California,CA,United States
190,Leah,Gutierrez,Wright,32,Female,leah.gutierrez@x.dummyjson.com,+1 300-470-3376,6/22/1993,Database Administrator,Denver,Colorado,CO,United States
191,Layla,Young,Brown,42,Female,layla.young@x.dummyjson.com,+44 224-805-7678,4/30/1983,Support Specialist,Houston,Texas,TX,United States
192,Nolan,Gonzalez,,34,Male,nolan.gonzalez@x.dummyjson.com,+49 666-608-6933,6/11/1991,Marketing Manager,San Francisco,California,CA,United States
193,Hazel,Evans,Collins,28,Female,hazel.evans@x.dummyjson.com,+92 319-405-4110,8/11/1996,Data Scientist,Dallas,Texas,TX,United States
194,Brayden,Hill,,46,Male,brayden.hill@x.dummyjson.com,+61 371-853-2857,4/20/1979,Marketing Manager,Austin,Texas,TX,United States
195,Violet,Roberts,Adams,30,Female,violet.roberts@x.dummyjson.com,+49 724-357-9329,6/14/1995,Human Resources Manager,San Jose,California,CA,United States
196,Lucas,Ramirez,,34,Male,lucas.ramirez@x.dummyjson.com,+92 745-454-8374,12/4/1990,Software Engineer,San Francisco,California,CA,United States
197,Eleanor,Collins,Ward,38,Female,eleanor.collins@x.dummyjson.com,+44 353-303-4041,1/20/1987,Chief Financial Officer,Phoenix,Arizona,AZ,United States
198,Max,Parker,,33,Male,max.parker@x.dummyjson.com,+81 250-310-5486,1/15/1992,Chief Operating Officer,Washington,District of Columbia,DC,United States
199,Vivian,Carter,Gomez,27,Female,vivian.carter@x.dummyjson.com,+92 237-734-8586,2/25/1998,Business Development Manager,Indianapolis,Indiana,IN,United States
200,Adrian,Flores,,44,Male,adrian.flores@x.dummyjson.com,+61 524-858-7351,5/1/1981,Technical Support Engineer,New York,New York,NY,United States
201,Maya,Reed,Hernandez,29,Female,maya.reed@x.dummyjson.com,+92 291-415-7257,9/12/1995,Project Manager,Seattle,Washington,WA,United States
202,Caleb,Nelson,,36,Male,caleb.nelson@x.dummyjson.com,+91 820-504-1614,9/25/1988,Web Developer,Philadelphia,Pennsylvania,PA,United States
203,Nova,Cooper,Bell,32,Female,nova.cooper@x.dummyjson.com,+49 292-569-8252,6/16/1993,Legal Counsel,Los Angeles,California,CA,United States
204,Mateo,Perez,,46,Male,mateo.perez@x.dummyjson.com,+44 704-302-8113,1/26/1979,Software Engineer,Jacksonville,Florida,FL,United States
205,Aubrey,Garcia,Gray,28,Female,aubrey.garcia@x.dummyjson.com,+1 470-576-9130,11/5/1996,Web Developer,Los Angeles,California,CA,United States
206,Elena,Baker,,35,Female,elena.baker@x.dummyjson.com,+49 978-346-6960,3/16/1990,Project Manager,San Francisco,California,CA,United States
207,Jace,Smith,,41,Male,jace.smith@x.dummyjson.com,+1 634-923-7779,12/18/1983,Data Scientist,Seattle,Washington,WA,United States
208,Samantha,Martinez,Lopez,27,Female,samantha.martinez@x.dummyjson.com,+49 493-402-2473,9/3/1997,Project Manager,Los Angeles,California,CA,United States
